name,call_sites,max_args,distribution
func_000132C8,153,8,1 args x103; 2 args x13; 3 args x7
func_00002C5C,99,5,1 args x16; 3 args x8; 2 args x4
func_00002E10,90,8,8 args x89; 7 args x1
func_00013038,56,4,1 args x44; 4 args x1; 3 args x1
func_0001F638,42,6,6 args x42
func_00013028,40,4,1 args x23; 2 args x12; 3 args x2
func_00030D30,40,3,3 args x39
func_00002DF0,36,8,7 args x32; 8 args x3; 3 args x1
func_000130AC,36,3,3 args x36
func_00003244,36,3,3 args x34; 2 args x2
func_0000B07C,35,2,2 args x34
func_000031A8,30,2,2 args x30
func_00011990,30,2,1 args x1; 2 args x1
func_00013368,28,2,1 args x27; 2 args x1
func_00024864,27,8,6 args x14; 8 args x11; 5 args x2
func_00003B00,23,3,2 args x21; 3 args x2
func_00013048,19,4,3 args x1; 4 args x1; 2 args x1
func_0001DB88,16,4,4 args x16
func_00007DA0,15,2,2 args x14
func_0002D520,15,8,7 args x14; 8 args x1
func_00010E0C,14,3,3 args x3; 1 args x2; 2 args x2
func_0001B3B8,13,5,2 args x10; 5 args x2
func_00002CB0,12,3,1 args x7; 3 args x3; 2 args x2
func_00003B20,11,2,2 args x11
func_0001B374,10,1,1 args x2
func_0001B3AC,9,3,1 args x8; 3 args x1
func_00002E8C,9,8,8 args x9
func_0001DB9C,9,3,3 args x9
func_00029F60,9,4,4 args x9
func_000370B8,9,4,4 args x6; 3 args x2; 2 args x1
func_0000494C,8,1,1 args x5
func_0001B38C,8,3,3 args x4; 1 args x3
func_0001F744,8,4,4 args x8
func_0001F390,8,8,8 args x8
func_00036160,8,4,4 args x8
func_00036770,8,6,4 args x6; 6 args x2
func_0002771C,8,2,1 args x5; 2 args x3
func_0001B450,8,1,1 args x1
func_0000B0C4,7,2,2 args x7
func_00007B4C,7,2,2 args x7
func_00016B84,7,1,1 args x7
func_0001BC58,7,3,3 args x7
func_0002D280,7,1,1 args x5
func_00036DD4,7,6,1 args x4; 3 args x1; 6 args x1
func_000042A0,6,1,1 args x6
func_0000B020,6,3,3 args x6
func_00005F38,6,3,3 args x5; 2 args x1
func_00007828,6,3,3 args x6
func_00007A98,6,1,1 args x6
func_0002544C,6,6,3 args x4; 6 args x2
func_0000CE08,6,1,1 args x2
func_0000DA54,6,3,1 args x4; 3 args x2
func_0000CC70,6,2,2 args x2
func_00003400,6,2,1 args x5; 2 args x1
func_0000C938,6,2,2 args x6
func_000101AC,6,2,2 args x1
func_0000B2A0,6,1,1 args x6
func_0001B460,6,1,1 args x2
func_0002D540,6,8,8 args x5; 7 args x1
func_0000A234,5,2,2 args x2
func_00002CF0,5,2,2 args x5
func_00013180,5,2,1 args x3; 2 args x2
func_0000394C,5,2,1 args x3; 2 args x1
func_00007BA0,5,2,1 args x4; 2 args x1
func_0001411C,5,5,4 args x4; 5 args x1
func_0001BB1C,5,5,1 args x3; 4 args x1; 5 args x1
func_0002DCE4,5,8,7 args x4; 8 args x1
func_00000C9C,4,2,2 args x4
func_00000E64,4,2,2 args x4
func_00008794,4,4,2 args x3; 4 args x1
func_00030D28,4,1,1 args x4
func_000037DC,4,8,8 args x4
func_000033D4,4,2,2 args x4
func_0000B060,4,2,2 args x2
func_0000B294,4,1,1 args x1
func_00002C68,4,1,1 args x4
func_00015520,4,4,4 args x4
func_00015504,4,5,5 args x4
func_0001C1B4,4,5,5 args x4
func_0002D254,4,2,1 args x3; 2 args x1
func_00002D50,4,6,6 args x4
func_0002D044,4,4,4 args x4
func_0002F03C,4,1,1 args x3
func_0002ECFC,4,2,2 args x4
func_0002D480,4,8,6 args x3; 8 args x1
func_0002F3E0,4,4,4 args x4
func_00000DBC,3,3,3 args x1
func_00000E0C,3,1,1 args x3
func_000138E8,3,5,5 args x3
func_0001B470,3,1,1 args x1
func_000058A0,3,2,2 args x3
func_0001ABCC,3,5,5 args x3
func_000132F0,3,1,1 args x2
func_0000C1F0,3,2,2 args x3
func_00003384,3,6,1 args x2; 6 args x1
func_0000BA88,3,2,2 args x2; 1 args x1
func_000030CC,3,1,1 args x3
func_0000B014,3,8,3 args x1; 1 args x1; 8 args x1
func_00030D54,3,1,1 args x2
func_00003CE4,3,1,1 args x2
func_00003484,3,1,1 args x1
func_00003478,3,1,1 args x1
func_00013420,3,5,5 args x2; 2 args x1
func_0001C1A4,3,6,6 args x2; 4 args x1
func_00020C28,3,1,1 args x1
func_0002D17C,3,3,3 args x3
func_0002D2F0,3,3,3 args x3
func_0002DE58,3,8,8 args x3
func_0002D5BC,3,8,8 args x3
func_0002EC7C,3,7,7 args x1; 2 args x1
func_0002FB4C,3,1,1 args x2
func_00030754,3,1,1 args x3
func_0002DC1C,3,2,1 args x2; 2 args x1
func_00030CE8,3,1,1 args x3
func_00035F50,3,4,4 args x3
func_00037608,3,6,4 args x2; 6 args x1
func_00035F64,3,4,4 args x2; 2 args x1
func_0003759C,3,4,4 args x3
func_00000BF4,2,3,2 args x1; 3 args x1
func_000119E8,2,2,2 args x2
func_00003EE0,2,3,3 args x2
func_00003F38,2,3,3 args x1
func_00004D84,2,3,3 args x1
func_00005134,2,1,1 args x1
func_00005228,2,3,3 args x1
func_000056D0,2,7,7 args x2
func_000057A0,2,3,3 args x2
func_00006080,2,2,2 args x1
func_0000629C,2,1,1 args x2
func_000063DC,2,1,1 args x2
func_000119B8,2,3,1 args x1; 3 args x1
func_000130A0,2,1,1 args x1
func_00013940,2,5,1 args x1; 5 args x1
func_00019B9C,2,4,4 args x2
func_0001AB28,2,6,6 args x2
func_0001A140,2,1,1 args x1
func_0001AD1C,2,4,4 args x1
func_0001A158,2,3,3 args x1; 2 args x1
func_0000B9CC,2,2,2 args x2
func_00030D64,2,4,4 args x2
func_00030D5C,2,1,1 args x1
func_00011964,2,2,2 args x2
func_0000B044,2,2,2 args x2
func_00005D88,2,3,3 args x1; 2 args x1
func_0000CE78,2,4,4 args x2
func_00003BAC,2,3,3 args x1; 2 args x1
func_0000334C,2,2,2 args x1
func_0000DA94,2,3,3 args x1; 1 args x1
func_00003490,2,3,3 args x2
func_0000B184,2,2,2 args x2
func_000067EC,2,3,3 args x2
func_000069A4,2,4,4 args x2
func_0000C86C,2,1,1 args x2
func_000150D4,2,2,2 args x2
func_00020A9C,2,1,1 args x2
func_00011A3C,2,1,1 args x2
func_00014490,2,3,3 args x2
func_0001436C,2,3,3 args x2
func_000143B4,2,3,3 args x2
func_00014288,2,6,6 args x2
func_000147F0,2,3,3 args x1
func_00014B68,2,3,3 args x1
func_0002D07C,2,3,3 args x1; 2 args x1
func_00016BE4,2,3,3 args x1
func_00019290,2,2,2 args x2
func_00019B38,2,1,1 args x2
func_00019364,2,3,3 args x2
func_00019AF8,2,1,1 args x2
func_0001A960,2,7,7 args x2
func_0001A884,2,8,8 args x2
func_0001B904,2,2,2 args x1
func_0001B340,2,5,5 args x2
func_0001B824,2,2,2 args x1
func_0001C358,2,5,4 args x1; 5 args x1
func_0001DBBC,2,5,4 args x1; 5 args x1
func_0001DFE8,2,5,4 args x1; 5 args x1
func_0001EF28,2,5,4 args x1; 5 args x1
func_000225D8,2,3,3 args x1
func_000228C4,2,3,3 args x1; 1 args x1
func_00022A54,2,1,1 args x2
func_00024850,2,4,4 args x2
func_0001B440,2,1,1 args x1
func_0002D8D8,2,2,1 args x1; 2 args x1
func_0002DC9C,2,2,1 args x1; 2 args x1
func_0002DC78,2,1,1 args x1
func_0002E120,2,8,8 args x2
func_0002F77C,2,3,3 args x2
func_0002FB80,2,1,1 args x1
func_000306C8,2,2,2 args x2
func_0002EDA0,2,4,4 args x1
func_0003010C,2,1,1 args x2
func_00030138,2,2,1 args x1; 2 args x1
func_0003027C,2,2,2 args x2
func_000304D4,2,5,5 args x1; 2 args x1
func_000304E4,2,2,1 args x1; 2 args x1
func_000300DC,2,7,7 args x1; 2 args x1
func_0002DDCC,2,8,8 args x2
func_00030CA0,2,2,1 args x1; 2 args x1
func_00030948,2,3,3 args x2
func_0003092C,2,5,5 args x2
func_00037C40,2,2,2 args x2
func_00036808,2,2,2 args x2
func_00037274,2,8,6 args x1; 8 args x1
func_000371E4,2,3,3 args x2
func_000003B8,1,1,1 args x1
func_0000A0B4,1,1,1 args x1
func_00009DA0,1,1,1 args x1
func_0000A1B4,1,2,2 args x1
func_0001375C,1,2,2 args x1
func_0000281C,1,2,2 args x1
func_00014928,1,2,2 args x1
func_00004D28,1,1,1 args x1
func_00005CD8,1,3,3 args x1
func_00004970,1,1,1 args x1
func_00004B04,1,2,2 args x1
func_00013908,1,3,3 args x1
func_000065B8,1,3,3 args x1
func_00005D00,1,2,2 args x1
func_00007DB8,1,1,1 args x1
func_00007F40,1,2,2 args x1
func_00008A00,1,1,1 args x1
func_000096C8,1,1,1 args x1
func_00008FE0,1,1,1 args x1
func_00009938,1,1,1 args x1
func_00013924,1,3,3 args x1
func_00009C74,1,8,8 args x1
func_00009BB4,1,7,7 args x1
func_0001B08C,1,2,2 args x1
func_00005EBC,1,1,1 args x1
func_00019C9C,1,2,2 args x1
func_0000F4D8,1,1,1 args x1
func_00012F1C,1,1,1 args x1
func_000101B8,1,1,1 args x1
func_00017E0C,1,2,2 args x1
func_000076E0,1,1,1 args x1
func_0000A81C,1,6,6 args x1
func_0001A010,1,3,3 args x1
func_00007864,1,1,1 args x1
func_0000BA48,1,3,3 args x1
func_0000BA40,1,1,1 args x1
func_00005FC8,1,1,1 args x1
func_0000B9C0,1,6,6 args x1
func_0000CDA4,1,3,3 args x1
func_0000D0F8,1,3,3 args x1
func_000071F0,1,3,3 args x1
func_00007224,1,1,1 args x1
func_0000C730,1,1,1 args x1
func_00010E18,1,2,2 args x1
func_00016A88,1,2,2 args x1
func_00015578,1,3,3 args x1
func_00006918,1,1,1 args x1
func_00006AE4,1,1,1 args x1
func_00011A60,1,2,2 args x1
func_00001070,1,2,2 args x1
func_0001480C,1,1,1 args x1
func_00003748,1,2,2 args x1
func_000102D4,1,2,2 args x1
func_00007870,1,3,3 args x1
func_00011840,1,1,1 args x1
func_0000D570,1,1,1 args x1
func_000008C0,1,1,1 args x1
func_00014FB0,1,2,2 args x1
func_00015040,1,2,2 args x1
func_0000C8D0,1,4,4 args x1
func_000077B8,1,7,7 args x1
func_0001A004,1,1,1 args x1
func_0001B368,1,1,1 args x1
func_00006750,1,1,1 args x1
func_00012A54,1,3,3 args x1
func_00003AC8,1,2,2 args x1
func_00005E20,1,2,2 args x1
func_00013054,1,2,2 args x1
func_00014670,1,3,3 args x1
func_00013620,1,2,2 args x1
func_00014158,1,4,4 args x1
func_00014430,1,3,3 args x1
func_00014F70,1,3,3 args x1
func_00005F0C,1,1,1 args x1
func_000057C0,1,1,1 args x1
func_000058C8,1,1,1 args x1
func_000058D4,1,1,1 args x1
func_00005950,1,2,2 args x1
func_00005B8C,1,1,1 args x1
func_000154E4,1,3,3 args x1
func_0002E384,1,5,5 args x1
func_0002EB0C,1,1,1 args x1
func_0002EA68,1,2,2 args x1
func_00017DF8,1,4,4 args x1
func_00018E10,1,2,2 args x1
func_00018DF8,1,2,2 args x1
func_00019928,1,4,4 args x1
func_00019488,1,2,2 args x1
func_0001A330,1,8,8 args x1
func_0001A6EC,1,1,1 args x1
func_0001AAF0,1,1,1 args x1
func_0001B55C,1,3,3 args x1
func_0001B398,1,2,2 args x1
func_0001B9F0,1,8,8 args x1
func_000224C4,1,1,1 args x1
func_0001C768,1,3,3 args x1
func_00023568,1,6,6 args x1
func_0001E3B0,1,4,4 args x1
func_0001C0F0,1,5,5 args x1
func_0001C33C,1,5,5 args x1
func_00022494,1,1,1 args x1
func_00022740,1,3,3 args x1
func_0001BC9C,1,3,3 args x1
func_0001BCFC,1,3,3 args x1
func_0002486C,1,5,5 args x1
func_00024754,1,5,5 args x1
func_00024670,1,3,3 args x1
func_00025600,1,6,6 args x1
func_000258A8,1,3,3 args x1
func_0002D1E4,1,2,2 args x1
func_000278A0,1,1,1 args x1
func_0002D950,1,2,2 args x1
func_0002DAD0,1,5,5 args x1
func_0002E234,1,4,4 args x1
func_0002E2FC,1,5,5 args x1
func_0002E290,1,5,5 args x1
func_0002E35C,1,3,3 args x1
func_0002E370,1,3,3 args x1
func_0002EFE4,1,1,1 args x1
func_0002F61C,1,8,8 args x1
func_0002F04C,1,3,3 args x1
func_0002FB70,1,2,2 args x1
func_0002F02C,1,1,1 args x1
func_0002FB8C,1,2,2 args x1
func_0002DB20,1,1,1 args x1
func_0002EDF8,1,1,1 args x1
func_0002D964,1,1,1 args x1
func_00030708,1,1,1 args x1
func_0002F11C,1,6,6 args x1
func_0002FA1C,1,2,2 args x1
func_0002EF50,1,1,1 args x1
func_000304F4,1,7,7 args x1
func_0002D7EC,1,4,4 args x1
func_0002EF10,1,7,7 args x1
func_0002EEFC,1,4,4 args x1
func_0002F428,1,7,7 args x1
func_000300AC,1,8,8 args x1
func_0002FAF8,1,4,4 args x1
func_0002FF4C,1,6,6 args x1
func_0002FD58,1,5,5 args x1
func_0002DE24,1,8,8 args x1
func_0003006C,1,2,2 args x1
func_0002F478,1,2,2 args x1
func_000304DC,1,2,2 args x1
func_000304EC,1,2,2 args x1
func_00030B74,1,6,6 args x1
func_00030C94,1,2,2 args x1
func_00034938,1,3,3 args x1
func_00037AB8,1,4,4 args x1
func_00037524,1,2,2 args x1
func_00037B58,1,1,1 args x1
func_000362EC,1,2,2 args x1
func_000361B0,1,2,2 args x1
func_00036360,1,2,2 args x1
func_000361E8,1,8,8 args x1
func_000365E0,1,6,6 args x1
func_00036588,1,3,3 args x1
func_00036404,1,3,3 args x1
func_00036244,1,3,3 args x1
func_00036684,1,3,3 args x1
func_000368D0,1,2,2 args x1
func_000367D0,1,2,2 args x1
func_000369AC,1,2,2 args x1
func_00036924,1,2,2 args x1
func_0003696C,1,7,7 args x1
func_00036D2C,1,5,5 args x1
func_00036D08,1,7,7 args x1
func_00036BD8,1,2,2 args x1
func_00036FD8,1,4,4 args x1
func_000372A4,1,4,4 args x1
func_00037350,1,8,8 args x1
func_000372F4,1,6,6 args x1
func_000372BC,1,3,3 args x1
func_000378A0,1,1,1 args x1
func_00037724,1,1,1 args x1
func_00037864,1,6,6 args x1
func_0003782C,1,6,6 args x1
func_00037994,1,2,2 args x1
func_00037B88,1,1,1 args x1
func_00037BB4,1,1,1 args x1
