index,nid,eboot_vaddr,call_sites,name
0,0xB4471B5E,0x00018688,14,
1,0x1E065125,0x000186A8,0,
2,0xF020EBBF,0x000186E4,0,
3,0xC2E59A21,0x00018A04,24,
4,0x7ABCF8B3,0x00018AF0,0,
5,0xB8B3D402,0x00018B80,0,
6,0x6B6D0FF6,0x00018C58,0,
7,0x394264C5,0x00018C80,0,
8,0x7DE847A6,0x00018CA8,0,
9,0xAB8E61ED,0x00018DB8,0,
10,0xBF3E9066,0x00018E24,5,
11,0x8288EEBC,0x00018E30,53,
12,0x38FE0286,0x00018E48,0,
13,0x46FDDA71,0x0001947C,1,
14,0x7B552C34,0x000195A0,4,
15,0x68728B41,0x000195B8,5,
16,0x7C494436,0x00019A00,0,
17,0x2BACAD04,0x00019A40,2,
18,0xD2A768F4,0x00019B40,43,
19,0xC204E9F8,0x00019E20,3,
20,0x614C6885,0x00019E3C,1,
21,0x7CBFBEC2,0x00019E5C,3,
22,0x2630B590,0x00019E80,4,
23,0xD0C343D9,0x0001A6A4,0,
24,0x8BADC629,0x0001A6F8,0,
25,0xCB1D1CCC,0x0001A7B0,3,
26,0xAB7BB274,0x0001A8A0,1,
27,0x58F84DA0,0x0001A9D8,2,
28,0x20A40A75,0x0001AAA4,2,
29,0x2058A08F,0x0001AAF8,1,
30,0x993927FF,0x0001AB9C,0,
31,0xB96BE4FA,0x0001AC10,0,
32,0x87D36544,0x0001AC80,0,
33,0x4A87215E,0x0001AD2C,0,
34,0xD2EE9973,0x0001AD8C,1,
35,0x30195AE1,0x0001AD94,0,
36,0xFAAC7D51,0x0001AD9C,2,
37,0x052CE07A,0x0001ADB8,0,
38,0x42144DB8,0x0001AF54,10,
39,0x831C5769,0x0001B028,116,
40,0x558B2DCB,0x0001B0EC,42,
41,0xCE8B1945,0x0001B12C,64,
42,0x28633E5D,0x0001B134,13,
43,0x2208E292,0x0001B168,0,
44,0xEC485288,0x0001B174,0,
45,0xF292E199,0x0001B20C,2,
46,0x438AF685,0x0001B218,0,
47,0x55F589D0,0x0001B290,3,
48,0xB8770B92,0x0001B2D0,8,
49,0x2074DED0,0x0001B340,2,
50,0x7187E0F0,0x0001B3A0,111,
51,0xFDAFCF3A,0x0001E284,36,
52,0x85F89FE8,0x0001E434,93,
53,0x89812D8A,0x0001E4AC,91,
54,0x02087CCD,0x0001E514,0,
55,0x4B0DABFA,0x0001E654,40,
56,0xCD1F527F,0x0001E694,0,
57,0xC6C15111,0x0001E994,292,
58,0x130C21DC,0x0001EA20,2,
59,0x5AF6DCB3,0x0001EA54,0,
60,0x912118BD,0x0001EDA8,4,
61,0x316D8C28,0x0001EDE0,1,
62,0xE62EDAB3,0x0001EE18,2,
63,0x45DD9F15,0x0001EF50,0,
64,0xF87C25AD,0x0001EF80,0,
65,0x409F7D2C,0x0001F090,0,
66,0x96E969F2,0x0001F13C,0,
67,0xB2B9FEFA,0x0001F534,228,
68,0x99DEB49A,0x0001F540,0,
69,0x5DE4869F,0x0001F54C,16,
70,0xB9064026,0x0001F5C0,16,
71,0xD7022D7C,0x0001F614,0,
72,0x7507125A,0x0001FAE4,0,
73,0x5BC49B88,0x00020090,0,
74,0x21B583F8,0x0002010C,0,
75,0x8010310A,0x00020178,0,
76,0xACD5063A,0x000201D4,0,
77,0xB779DF4A,0x00020414,0,
78,0xFF576F7D,0x000204C0,0,
79,0x1F5631FE,0x000204D4,0,
80,0x5F0E84DA,0x000204E0,0,
81,0x9EA6989A,0x00020630,570,
82,0x8AE6885B,0x00020638,0,
83,0x1673F2B1,0x0002068C,9,
84,0xE6977584,0x000208F4,5,
85,0x8717D4DE,0x00020BB8,0,
86,0xBAB43E61,0x00020DD8,3,
87,0xF20A12CE,0x00020E6C,1,
88,0x58E336A6,0x00020EEC,0,
89,0xD6FFD2F4,0x00020F18,0,
90,0x07D0F66F,0x00020F2C,0,
91,0x28CC0242,0x00020F78,0,
92,0xDEEE4B6D,0x000210CC,0,
93,0x800176DD,0x000210D8,0,
94,0x3BB325BD,0x000210F0,0,
913,0x233752D9,0x00021394,0,
914,0x76EA262B,0x00021628,0,
97,0x5B05F797,0x0002176C,3,
915,0xA898CCB6,0x00021778,0,
99,0x63CD43C1,0x000217AC,5,
917,0xC3955DEF,0x000217B4,0,
916,0xCE3E50F0,0x000218A8,0,
923,0x9EFDC9B9,0x00021994,253,
924,0xA3B7A6E9,0x000219BC,27,
925,0xB08EC132,0x00021A0C,30,
926,0x8634FBA0,0x00021A5C,38,
927,0x286A42AE,0x00021AAC,0,
928,0x7812BD99,0x00021B30,11,
929,0x0089B865,0x00021BB0,168,
930,0x42C464D5,0x00021BE8,42,
931,0x2EB1BD8B,0x00021C24,89,
111,0x1507D27D,0x00021C64,4,
932,0x8CA1052F,0x00021CBC,24,
933,0x8EA5CCE1,0x00021D50,4,
114,0xD39FFD19,0x00021DC8,0,
115,0xCA9DD7B6,0x00021DD8,5,
934,0x4258FC8D,0x00021DE4,2,
918,0x4F22C9AA,0x00021EB4,397,
919,0xF2BD0694,0x00021F3C,355,
920,0xF8CDBCAB,0x00021FA4,338,
921,0xEF9740B0,0x00022014,45,
922,0x5739D1F8,0x00022048,54,
122,0x7ABC8184,0x0002205C,2,
935,0x3E69656B,0x00022068,0,
124,0x247C7989,0x000220F4,203,
936,0x32E84473,0x00022164,0,
126,0x5CB4B229,0x00022200,0,
937,0x7E266873,0x00022280,0,
128,0x8EC74810,0x0002230C,0,
938,0x694EA1D3,0x0002237C,0,
130,0x9C0CA1EC,0x00022428,0,
131,0x9B9F5533,0x000224B8,0,
132,0x8E572265,0x00022924,0,
133,0x01AA3558,0x00022948,2,
134,0x1856E536,0x0002296C,28,
135,0x1078C73B,0x00022B54,13,
136,0x41AABF28,0x00022B90,210,
137,0x865D0262,0x00022B98,0,
138,0x20E340D9,0x00022CEC,266,
139,0xB46025DF,0x00022D80,4,
140,0xCAFE62AD,0x00022E58,0,
141,0x66B4DCA8,0x000239EC,6,
142,0xC217BED0,0x00023C8C,6,
143,0xDBB7B0DE,0x00023E70,0,
144,0x374CB8B0,0x00024180,0,
145,0x96BC2DC8,0x0002442C,18,
146,0x597CDADD,0x00024444,3,
147,0x4E8B47D4,0x00024558,22,
148,0xD767C29F,0x000245A0,19,
149,0x00B2A17D,0x0002468C,0,
150,0xFC7F84E6,0x000247A8,0,
151,0x826BD884,0x00024818,2,
152,0xF5E3080C,0x00024BF8,237,
153,0x21C4F2FA,0x00024C80,3,
154,0x552AC0DF,0x00024D14,4,
155,0x68B20872,0x00024D3C,3,
156,0x0142A243,0x00024D5C,0,
157,0x6EAC9F12,0x00024E94,0,
158,0xDFCA450B,0x000251F4,447,
159,0x1EC5342B,0x0002530C,456,
160,0x4DFEDFFA,0x00025338,2,
161,0x6F0D36D3,0x00025344,2,
162,0xBE9D1FFF,0x00025350,0,
163,0xD97274B6,0x0002537C,14,
164,0xECD273E2,0x00025388,0,
165,0xDCFC7586,0x00025394,26,
166,0xF462EE6E,0x0002543C,458,
167,0x4175E3DB,0x00025624,339,
168,0x97DD82F2,0x000257E4,27,
169,0x38D3C19B,0x000258E0,0,
170,0x19FD1D86,0x00025A1C,0,
171,0x52D0E999,0x00025B18,0,
172,0x36C112F1,0x00025C24,0,
173,0x24801B6A,0x00025C74,0,
174,0xFDD168CA,0x00025CE4,1297,
175,0x8EA6B1E7,0x00025EDC,1092,
176,0x83C0D8FF,0x00025F04,0,
177,0x4B007B53,0x00026034,0,
178,0xF48E70FB,0x00026074,2,
179,0xF188782B,0x000261A0,0,
180,0x717593A3,0x000261F8,3,
181,0x758DE09D,0x000263D8,9,
182,0xB4136BBB,0x000264DC,4,
183,0x0939B6BE,0x000265DC,26,
184,0xB56890DA,0x000266BC,12,
185,0x23E69878,0x00026718,186,
186,0x16E920B8,0x00026790,0,
187,0x4DF6D3AB,0x00026860,0,
188,0xB06F0762,0x000268E8,0,
189,0xCB97E458,0x00026A88,0,
190,0x00F1E005,0x00026B20,3,
191,0xA19EF6B5,0x00026B68,180,
192,0xCABEA834,0x00026BC8,632,
193,0x890D2BD0,0x00026C28,2,
194,0xBC3F77A0,0x00026C7C,0,
195,0x11EBE80C,0x00026D24,5,
196,0xF0243623,0x00026DB0,5,
197,0x5C1AEE8E,0x00026DF8,12,
198,0xA36635DA,0x00026E40,13,
199,0x3DE5C8DC,0x00026E94,29,
200,0x572A577B,0x00026F9C,31,
201,0xE6E4401F,0x0002701C,473,
202,0x09794DF0,0x0002706C,131,
203,0xF17C5C28,0x000270F4,23,
204,0xCF47636B,0x00027144,0,
205,0x9745A7D1,0x000271A8,0,
206,0x0A3651EF,0x000271FC,3,
207,0x1CE50213,0x0002727C,0,
208,0x7B1755CF,0x000272E8,54,
209,0x3E24ACE1,0x00027354,25,
210,0xD5E5A748,0x000273C0,2,
211,0x312D660D,0x00027410,10,
212,0xB4F2178B,0x0002743C,36,
213,0xFFBC9F88,0x00027468,1,
214,0xE32ADBC7,0x000274D8,0,
215,0x917CC4D5,0x00027538,10,
216,0x20560342,0x000275CC,66,
217,0x5F834D2C,0x00027698,0,
218,0xC8DF61CD,0x00027708,21,
219,0x578BC0A3,0x00027760,11,
220,0xF566A6A1,0x000277B8,11,
221,0x348F1A33,0x00027810,17,
222,0xC0AB60EF,0x00027858,8,
223,0x5CBB9E43,0x000278A0,130,
224,0x8A52EC5C,0x00027920,0,
225,0xE599DB39,0x00027A6C,0,
226,0x942E589C,0x00027AB4,4,
227,0x1D98951B,0x00027B14,53,
228,0x399AC68A,0x00027B24,57,
229,0x42110BF9,0x00027B34,57,
230,0xC62F9EAC,0x00027B44,51,
231,0x60F2ECE8,0x00027D10,5,
232,0x976B2895,0x00027E0C,0,
233,0xD21E2FFA,0x00027F04,0,
234,0x1EDC6EA5,0x00027F10,0,
235,0x25D858B5,0x0002833C,0,
236,0x60F59CFF,0x00028914,0,
237,0x9EAB778A,0x00028928,0,
238,0x04959EB3,0x00028BB4,0,
239,0xEBD1986B,0x00028DA0,13,
240,0x3765ED01,0x00028DE0,19,
241,0x60BA0722,0x00029288,13,
242,0x54F69CFE,0x00029368,7,
243,0x11A11370,0x00029410,0,
244,0xD0E95BD8,0x00029418,5,
245,0xCB9CCF0B,0x00029474,4,
246,0x9F25AE2F,0x00029480,24,
247,0xBB22B13B,0x000296FC,25,
248,0x8FB8C0A6,0x000298C4,3,
249,0x0B962FD4,0x000298E0,14,
250,0x1C99A7A5,0x000298F8,6,
251,0xFF360587,0x00029930,3,
252,0x03649D25,0x00029938,0,
253,0x9E3D774E,0x00029940,0,
254,0x9490E557,0x00029A20,13,
255,0xA3FF902D,0x0002A1E4,4,
256,0x0D00F3B7,0x0002ACB0,51,
257,0x9074B94E,0x0002AE08,6,
258,0x53636C1D,0x0002B4E4,10,
259,0xE2A5CE8D,0x0002B4F0,16,
260,0xD1C6F209,0x0002B574,14,
261,0x459B889D,0x0002B584,8,
262,0x03E45FFF,0x0002B5C0,5,
263,0x1C2A8EDD,0x0002B6E4,8,
264,0xD71FA940,0x0002B7D0,10,
265,0x02C26DF1,0x0002B7F8,7,
266,0xA22C8F51,0x0002B820,10,
267,0x94982653,0x0002B920,4,
268,0xD6E0AA6A,0x0002BA28,10,
269,0xE5BD286C,0x0002BA34,0,
270,0x81D1EAA6,0x0002BC9C,0,
271,0x1DFA345A,0x0002BD4C,0,
272,0xAD0E1E03,0x0002CDD0,50,
273,0x465BB899,0x0002CDD8,10,
274,0x98E07D26,0x0002CDF0,210,
275,0xE62CCE79,0x0002CDF8,182,
276,0xCF199BAE,0x0002CE00,253,
277,0xA72D71BF,0x0002CE08,240,
278,0xCC7A2A21,0x0005D0DC,150,
279,0xFCB00A02,0x0002CE10,23,
280,0x747753B8,0x0002CE18,178,
281,0xF203CF01,0x0002CE20,37,
282,0x760919BF,0x0002CE28,68,
283,0x249F5AD0,0x0002CE30,47,
284,0xFE91A2EC,0x0002CE38,33,
285,0x21F9E97E,0x0002CE4C,52,
286,0xB2C3FF7E,0x0005D288,1,
287,0x6F2C8118,0x0005D2FC,91,
288,0x21F4A7B2,0x0005D408,0,
289,0xE5738C32,0x0005D4B0,490,
290,0xEED9C836,0x0005D4FC,123,
291,0x133DA48C,0x0005D520,114,
292,0xCFD504DA,0x0005D544,18,
293,0xD934BB27,0x0005D580,25,
294,0x4C4AB33C,0x0005D644,64,
295,0x1738DF69,0x0005D668,85,
296,0xBDD2252D,0x0005D6A8,11,
297,0x78191357,0x0005D6CC,40,
298,0x7448DF81,0x0005D718,36,
299,0x67312719,0x0005D73C,93,
300,0x50266C2E,0x0005D760,15,
301,0x0A67ED6C,0x0005D784,20,
302,0xB92CF901,0x0005D7A8,20,
303,0x32ED1675,0x0005D7CC,40,
304,0x80896C1D,0x0005D7F0,30,
305,0xF711002C,0x0005D848,8,
306,0x1DA3918E,0x0005EAF8,4,
307,0x84F43A88,0x0005EA88,1,
308,0x58223517,0x0005EA98,12,
309,0xAB8CF7CC,0x0005EAA8,12,
310,0xB86A0894,0x0005EAB8,1,
311,0xE65115B6,0x0005EAC8,1,
312,0x4DB996F6,0x0005EAD8,14,
313,0x6EAF1121,0x0005EAE8,3,
314,0x46F3C6A2,0x0005EB2C,6,
315,0x93517477,0x0005EB64,29,
316,0xE618B6BA,0x0005EB74,8,
317,0x83458494,0x0005EB84,3,
318,0xDCCE7AAA,0x0005EBC0,2,
319,0x914562B0,0x0005EC10,24,
320,0xC2235BFA,0x0005EC20,4,
321,0xA8CD2FB9,0x0005EC30,5,
322,0xE1A3F0EA,0x0005EC40,0,
323,0x86A6704D,0x0005EC50,2,
324,0xFE08B1FC,0x0005EC60,12,
325,0xFA8128D9,0x0005EC70,1,
326,0x57E56FD3,0x0005EC80,1,
327,0xB1BA3637,0x0005EC90,1,
328,0xE7BEDD6E,0x0005ECA0,9,
329,0xCDC79758,0x0005ECB0,0,
330,0x556194E7,0x0005ECC0,3,
331,0xBB4F3954,0x0005ECD0,7,
332,0x79487C92,0x0005ECE0,15,
333,0x51B8DDE5,0x0005ECF0,5,
334,0x7F981A88,0x0005ED00,4,
335,0x50F5EBDB,0x0005ED88,1,
336,0x248FDAB9,0x0005ED98,0,
337,0xF05B1732,0x0005EDA8,20,
338,0xD2361003,0x0005EDEC,8,
339,0x287B3382,0x0005EDFC,3,
340,0xCEA78CA6,0x0005EE0C,37,
341,0x146B0409,0x0005EE1C,0,
342,0xA046924B,0x0005EE2C,3,
343,0x1672C0A7,0x0005EE3C,7,
344,0x0E47B027,0x0005EE4C,10,
345,0x4D9EA10E,0x0005EE5C,23,
346,0x404CCF3D,0x0005EE6C,0,
347,0xCFCE28A5,0x0005EE7C,0,
348,0xB589BDD5,0x0005EE8C,0,
349,0x50E78DD6,0x0005EE9C,0,
350,0x735EA15C,0x0005EEAC,21,
351,0x40D26DEC,0x0005EEBC,2,
352,0x69B00027,0x0005EECC,2,
353,0xC7137112,0x0005EEDC,11,
354,0x18E75398,0x0005EEEC,3,
355,0x3C238AF0,0x0005EEFC,2,
356,0x3C9CB549,0x0005EF0C,14,
357,0xA5D0CCD2,0x0005EF1C,4,
358,0x5E3D649B,0x0005EF2C,6,
359,0x49C27DA2,0x0005EF70,17,
360,0x41CA0A1C,0x0005EF80,15,
361,0xBD86E5F9,0x0005EF90,7,
362,0x5C8EF0DE,0x0005EFA0,2,
363,0x68D242C5,0x0005EFB0,27,
364,0x86A5D733,0x0005EFF4,3,
365,0xF8425C44,0x0005F004,2,
366,0x985F3AE0,0x0005F014,1,
367,0xBB859AB5,0x0005F108,34,
368,0xCEAFCA0A,0x0005F14C,2,
369,0x7B0C0E23,0x0005F15C,6,
370,0xCC222EE8,0x0005F16C,16,
371,0x74C5FE46,0x0005F17C,5,
372,0xCD241286,0x0005F18C,0,
373,0xD83FB4E8,0x0005F440,12,
374,0xDA1BEA24,0x0005D86C,12,
375,0xA677A57C,0x0005D914,25,
376,0x19CDE964,0x0005D9E8,1,
377,0x9854B469,0x0005DB84,7,
378,0x630446E3,0x0005DDC8,32,
379,0x88D0D5B7,0x0005DE68,4,
380,0x65B71542,0x0005DEF8,12,
381,0x3748A4B1,0x0005DF60,2,
382,0xB6B6E902,0x0005DFB4,17,
383,0x81771688,0x0005E150,3,
384,0x534B5F77,0x0005E204,3,
385,0x32CB2B73,0x0005E2E8,10,
386,0x0184D16D,0x0005E3EC,10,
387,0x357FB288,0x0005E460,2,
388,0x7F43E1A8,0x0005E4C4,4,
389,0x6817B19B,0x0005E528,6,
390,0x9E42D8A7,0x0005E5F4,4,
391,0x9D9E0568,0x0005E658,5,
392,0x9AFBEBC2,0x0005E6BC,8,
393,0x2F061354,0x0005E720,10,
394,0xFC940D59,0x0005E784,2,
395,0x05AD6FCE,0x0005E7E8,4,
396,0x41C38588,0x0005E84C,3,
397,0x95E50EFA,0x0005E860,5,
398,0x9E26B410,0x0005E8C4,4,
399,0x07CAB9E4,0x0005E938,9,
400,0xE60D8E10,0x0002CE74,7,
401,0x5471DB90,0x0002CE8C,16,
402,0x4357F16E,0x0002CE6C,4,
403,0x56D1651D,0x0002CE44,32,
404,0x53C23B57,0x0002CE7C,5,
405,0x4786AAF9,0x0002CE84,6,
406,0xC4863568,0x0002CE94,0,
407,0x723A097D,0x0002CDE0,9,
408,0xCB6030CF,0x0002CDE8,12,
409,0xE3C8F657,0x0005E99C,5,
410,0xF2B4771C,0x0005E9B4,0,
411,0x375A7F03,0x0005EA58,5,
412,0x639A4DDE,0x0005EA70,0,
413,0xAB8BD7CA,0x0002CE64,4,
414,0x5836AFF1,0x0002BFA8,8,
415,0x4E3BEA66,0x0002C09C,7,
416,0xD82485CE,0x0002C340,0,
417,0x79BB72A4,0x0002C370,0,
418,0xDE7B48B0,0x0002C38C,0,
419,0x3FAA4A8A,0x0002C3C8,0,
420,0x28F7224B,0x0002C4AC,33,
421,0x93EACD81,0x0002C4D8,27,
422,0x782F3ABD,0x0002C508,0,
423,0x44A58AF2,0x0002C530,0,
424,0xACAC5C40,0x0002C560,1,
425,0x5424E577,0x0002C5C0,0,
426,0x077F0283,0x0002C5E4,0,
427,0x2473E015,0x0002C60C,0,
428,0x411B7C01,0x0002C634,0,
429,0x7DE210DA,0x0002C65C,0,
430,0x65ED022B,0x0002C684,0,
431,0xF77BB2FC,0x0002C6C0,0,
432,0xD98265C5,0x0002C704,0,
433,0x40098E0B,0x0002C748,0,
434,0xDFB829CE,0x0002C78C,0,
435,0x518A6CBF,0x0002C7D0,0,
436,0xC7E98943,0x0002C830,0,
437,0x29534469,0x0002C890,0,
438,0xD26EE46E,0x0002C8D4,0,
439,0xCB012ADF,0x0002C928,0,
440,0x35D67398,0x0002C938,1,
441,0x271B1003,0x0002C990,0,
442,0x4E722BBD,0x0002C9E8,13,
443,0x2C2A4686,0x0002CA5C,0,
444,0x2012884C,0x0002D210,104,
445,0xEF9B5D06,0x0002D51C,94,
446,0x39ADDA9F,0x0002DFD0,188,
447,0xE6C7AA85,0x0002E5F4,0,
448,0x30CEF747,0x0002E630,15,
449,0xB0F320E6,0x0002E6B4,96,
450,0xE1139F1A,0x0002E6F8,146,
451,0xB7DFD65E,0x0002E72C,10,
452,0x40D6B29D,0x0002EA9C,23,
453,0x646197AD,0x0002EBA0,0,
454,0x5B4DADF5,0x0002EEA0,1,
455,0x0190A327,0x0002F088,1,
456,0x91E5BB91,0x0002F2C4,6,
457,0xEB263A38,0x0002F3D4,1,
458,0x5AF04A70,0x0002F3E0,0,
459,0x12B0F55D,0x0002F3EC,1,
460,0x9FC4E656,0x0002F3FC,6,
461,0x17333DB7,0x0002F438,1,
462,0xD6885B1A,0x0002F444,1,
463,0x1460C6FD,0x0002F4D8,82,
464,0xE36AFCA5,0x0002F4F0,3,
465,0x8F7249A7,0x0002F4FC,20,
466,0x61F58750,0x0002F508,0,
467,0xD7F13632,0x0002F514,2,
468,0x91376D2D,0x0002F520,0,
469,0x13A4081A,0x0002F52C,166,
470,0xE11E4575,0x0002F64C,3,
471,0xD9951D8F,0x0002F8C0,16,
472,0xA045CACE,0x0002F8CC,1,
473,0x4CB2E2AD,0x0002F8F8,3,
474,0xD8A0DB10,0x0002F928,22,
475,0x8A39914B,0x0002F950,0,
476,0x56E6D6D6,0x0002F958,2,
477,0xAAB1C4E7,0x0002F9D4,0,
478,0x5CACF78D,0x0002FA20,1,
479,0x31B68FCB,0x0002FC68,6,
480,0x88B6C7F0,0x0002FEB0,137,
481,0xF11F0D9A,0x0002FEBC,7,
482,0x885E0882,0x00030254,55,
483,0x4510ECA2,0x00030260,12,
484,0xC5D3B70C,0x00030270,14,
485,0x9D535D04,0x00030284,0,
486,0x85906D69,0x000302F8,1,
487,0x25710975,0x0003051C,3,
488,0x4BF558F1,0x00030530,75,
489,0x6595A5B3,0x00030548,7,
490,0x65FA8E18,0x0003055C,1,
491,0x8060707A,0x000305AC,5,
492,0x8171F765,0x000305D4,287,get_button_code
493,0xEFFF02BF,0x00030618,0,
494,0xE292693D,0x00030620,0,
495,0x4E4F1811,0x00030628,3,
496,0x1EDFA6C8,0x00030730,0,
497,0x99F81E55,0x000307B4,3,
498,0x31528DE4,0x000307CC,0,
499,0xE167E1C0,0x00030864,3,
500,0x5777192D,0x000308D8,3,
501,0xE58C0FDC,0x00030998,622,
502,0xB3919806,0x00030CA8,0,
503,0x0F0E866E,0x00030CB4,0,
504,0x83B39FA9,0x00030CC8,1,
505,0xD0FBFC51,0x00030D88,1,
506,0xAA2807B4,0x00030EF8,0,
507,0xAEEBA843,0x00030F04,0,
508,0x1E4B7ED5,0x00030F10,1,
509,0x1CC5878C,0x00031138,15,
510,0xBFFBA174,0x00031238,12,
511,0x9CDD0B89,0x0003124C,0,
512,0x0441C9EF,0x0003125C,1,
513,0xF8373815,0x00031640,0,
514,0xD62744B5,0x00031654,1,
515,0x680BA5D6,0x00031C04,9,
516,0xFD84C4D3,0x00031C58,16,
517,0x038C870E,0x00031E3C,0,
518,0xAD222020,0x00031FF8,4,
519,0xF568F914,0x00032078,0,
520,0xE3B314ED,0x000321F4,0,
521,0x99BB3407,0x00032B64,0,
522,0xAC1335A7,0x00032BE0,0,
523,0xA1C3E280,0x00032C5C,0,
524,0xAE5AAE9C,0x00032D08,0,
525,0x574E5B18,0x00032E4C,1,
526,0xABFD44C4,0x00032F08,2,
527,0x0EFF46B2,0x00032F8C,0,
528,0x583628F4,0x000330D0,0,
529,0xD29E04B6,0x00033320,0,
530,0x191D0BA3,0x000334FC,0,
531,0xB7BDC0A5,0x000338DC,0,
532,0xACA8DB56,0x00033A5C,0,
533,0x52A444CF,0x00033DA4,1,
534,0x79E8E06C,0x00033F30,2,
535,0x5E0AA233,0x00034140,0,
536,0x1EF26F3B,0x00034224,0,
537,0x44981B5C,0x00034308,0,
538,0x33370F7D,0x000343D8,0,
539,0x72E1BD70,0x00034520,1,
540,0x15AF4C89,0x00034684,4,
541,0x5C44C1FE,0x0003474C,0,
542,0x0F2CF58F,0x000348C0,0,
543,0xCBB02452,0x00034A50,0,
544,0xA86A146D,0x000356CC,0,
545,0x291D6262,0x00035E70,16,
546,0x47719795,0x00035F28,4,
547,0x277E7DB6,0x00035FE0,0,
548,0x77682C7E,0x00036078,0,
549,0xD80C7D36,0x00036110,2,
550,0x2717C28C,0x000361A8,20,
551,0x5DBE93DB,0x000361B8,21,
552,0x101103B3,0x000361D4,20,
553,0xBA168C37,0x0003621C,4,
554,0x8C5B148E,0x000362BC,8,
555,0xF96953BE,0x00036464,8,
556,0xB8DDA661,0x00036654,7,
557,0xC01F381E,0x0003679C,2,
558,0x551A8EF2,0x00037060,9,
559,0x08813E19,0x000370E4,12,
560,0x60ABAEE7,0x00037158,9,
561,0xED2013FB,0x000371B4,4,
562,0x19C5BDE2,0x000371E8,1,
563,0xBF1A3037,0x00037280,2,
564,0xB0D6F4FF,0x000372A8,2,
565,0xB48A11FB,0x000372C8,5,
566,0x57018B7C,0x00037348,1,
567,0xADC53C9F,0x00037384,0,
568,0xEC024F5D,0x000373C4,0,
569,0x6FFA2A28,0x0003B008,17,
570,0x778817A2,0x0003B1A8,16,
571,0xC5BDA06E,0x0003B2C8,14,
572,0xF5FE661C,0x0003B368,1,
573,0x054A8ACD,0x0003B414,1,
574,0x2A1C18E9,0x0003B4D4,1,
575,0xD5CEC905,0x0003B54C,1,
576,0xB10A7131,0x0003B5F0,1,
577,0xF90CC1D7,0x0003B668,1,
578,0xB6C6EB69,0x0003B70C,1,
579,0x4A31C963,0x0003B784,1,
580,0xA6669074,0x0003B828,1,
581,0xB8010A25,0x0003B8A4,1,
582,0xD0A6CBCF,0x0003B968,0,
583,0xA6014E18,0x0003B9E0,0,
584,0x13A370A3,0x0003BA84,0,
585,0x27DDA128,0x0003BAFC,0,
586,0x870ECE87,0x0003BBA0,0,
587,0x9FD1DB61,0x0003BC18,0,
588,0xB8B856F6,0x0003BCBC,1,
589,0x84BE0718,0x0003BD8C,1,
590,0xF5D788E4,0x0003BE00,1,
591,0x7EE06EF8,0x0003BE34,1,
592,0x9DE08895,0x0003BE64,0,
593,0x088F768A,0x0003BF6C,7,
594,0x94A4EC34,0x0003C0C4,20,
595,0xFFA11C10,0x0003C0F0,34,
596,0xF5EC30FE,0x0003C188,0,
597,0x2E783F70,0x0003C1A8,1,
598,0x07BBF7DB,0x0003C1CC,5,
599,0xC859D5FE,0x0003C1E0,38,
600,0xD5D33185,0x0003C1F0,19,
601,0x74CA1190,0x0003C1F8,5,
602,0x6E42DDCD,0x0003C204,17,
603,0xBE3756D0,0x0003C210,25,
604,0xC4637433,0x0003C250,0,
605,0x2AE3C0AD,0x0003C29C,924,
606,0x8884088B,0x0003C2A8,3,
607,0x80E7F36C,0x0003C2B0,1,
608,0x5D41F62F,0x0003C2BC,0,
609,0x65DA0419,0x0003C2FC,17,
610,0x0D3E2FA6,0x0003C304,8,
611,0x6DD74ECC,0x0003C30C,4,
612,0xDF5CB459,0x0003C318,3,
613,0x3DC5EFD8,0x0003C324,0,
614,0x6367AE39,0x0003C330,54,
615,0x29CE6332,0x0003C33C,0,
616,0x4B3EF565,0x0003C348,0,
617,0x8A309EAF,0x0003C354,3,
618,0xA84EDF3B,0x0003C360,2,
619,0xD7D8674A,0x0003C36C,4,
620,0x32CF07D7,0x0003C378,0,
621,0x06A1D1D8,0x0003C384,21,
622,0x04E1CB0F,0x0003C38C,13,
623,0xF6905EFA,0x0003C394,10,
624,0x57724B02,0x0003C39C,1,
625,0x592F970A,0x0003C3A8,1,
626,0xBF62545B,0x0003C3B0,7,
627,0x38DDEDD1,0x0003C3B8,3,
628,0xED17CBAC,0x0003C3C0,14,
629,0xAA9913C7,0x0003C3C8,27,
630,0x82B715FD,0x0003C3D0,16,
631,0x8798050C,0x0003C3D8,8,
632,0x595083E7,0x0003C3E0,6,
633,0xA940A7F6,0x0003C3E8,10,
634,0xB445B257,0x0003C450,3,
635,0x75042AB0,0x0003C51C,0,
636,0xD319DD3A,0x0003C530,2,
637,0x0977A12F,0x0003C660,6,
638,0x805DBDF3,0x0003C6A0,2,
639,0x1B4AF0F5,0x0003C724,1,
640,0x82DEC529,0x0003C7BC,2,
641,0x30FECAEF,0x0003CF54,30,
642,0x50B8DF28,0x0003CFB0,29,
643,0x5DF04F49,0x0003D260,31,
644,0x14BFFB01,0x0003D2C4,24,
645,0x834A6E13,0x0003D5BC,11,
646,0xD7155BDE,0x0003D60C,9,
647,0xFA53F08C,0x0003D654,13,
648,0xF60A4259,0x0003D6A0,15,
649,0x8AC7E9E7,0x0003D70C,18,
650,0x6B9DF7E8,0x0003D88C,18,
651,0x8867335A,0x0003D998,8,
652,0x00D1378F,0x00012D58,0,
653,0x4BDEB2A8,0x00012FF0,0,
654,0xD9392CCB,0x0001302C,0,
655,0xCAB439DF,0x0000B394,0,printf
656,0x7661E728,0x0000C950,97,sprintf
657,0x411B4582,0x0000630C,12,abs
658,0xB8A55300,0x000063F0,20,atoi
659,0xEB6D20A5,0x00005B34,1,cosf
660,0xE13B6DAE,0x00005E70,3,sinf
661,0x09F5941E,0x000061C8,0,sqrtf
662,0x481C9ADA,0x0000909C,1,malloc
663,0xB1A37F44,0x00007E84,0,
664,0xAD8AF84F,0x000090C8,1,free
665,0x10F3BB61,0x00009F0C,1064,memset
666,0xB8D7C11E,0x00008EA4,0,
667,0xAB7592FF,0x00009B2C,257,memcpy
668,0x81D0D1F7,0x00009A98,20,memcmp
669,0xA48D2592,0x00009C50,1,memmove
670,0x1B00FB95,0x0000B3EC,73,qsort
671,0xE821E845,0x000063FC,5,bsearch
672,0x27F9052C,0x0000C9E0,0,sscanf
673,0xEC6F1CF2,0x0000CF48,58,strcpy
674,0xB49A7697,0x0000D1AC,5,strncpy
675,0x476FD94A,0x0000CD24,48,strcat
676,0xC0AB8932,0x0000CEDC,32,strcmp
677,0x7AB35214,0x0000D02C,36,strncmp
678,0x52DF196C,0x0000CFD0,13,strlen
679,0x3EB35691,0x0000CC3C,24,strcasecmp
680,0x4C0E0274,0x0000D360,3,strrchr
681,0x0D188658,0x0000D3C8,2,strstr
682,0x60054052,0x0000BD7C,10,rand
683,0xB2ECA684,0x0005B79C,1,
684,0x7E66D731,0x00006084,1,atan2f
685,0x977DE386,0x0006E02C,0,
686,0xB7F46618,0x0006E034,0,
687,0x50F0C1EC,0x0006E00C,2,
688,0xD1FF982A,0x0006DFF4,2,
689,0x2E0911AA,0x0006DFEC,2,
690,0xCC1D3699,0x0006E03C,0,
691,0x748CBED9,0x0006E01C,0,
692,0xF0A26395,0x0006E004,0,
693,0xD8B73127,0x0006DFFC,0,
694,0x644395E2,0x0006E014,0,
695,0x79D1C3FA,0x0006E3B4,0,
696,0xB435DEC5,0x0006E3C4,0,
697,0x37FB5C42,0x0006E3DC,0,
698,0x13A5ABEF,0x0006E05C,0,
699,0x446D8DE6,0x0006E224,1,sceKernelCreateThread
700,0x9FA03CD3,0x0006E33C,0,sceKernelDeleteThread
701,0xF475845D,0x0006E184,1,sceKernelStartThread
702,0xAA73C935,0x0006E354,0,sceKernelExitThread
703,0x809CE29B,0x0006E2CC,0,sceKernelExitDeleteThread
704,0x616403BA,0x0006E274,0,sceKernelTerminateThread
705,0x383F7BCC,0x0006E1F4,1,sceKernelTerminateDeleteThread
706,0x3AD58B8C,0x0006E204,0,sceKernelSuspendDispatchThread
707,0x27E22EC2,0x0006E1BC,0,sceKernelResumeDispatchThread
708,0xEA748E31,0x0006E15C,22,sceKernelChangeCurrentThreadAttr
709,0x71BC9871,0x0006E2AC,0,sceKernelChangeThreadPriority
710,0x912354A7,0x0006E31C,0,sceKernelRotateThreadReadyQueue
711,0x2C34E053,0x0006E1CC,0,sceKernelReleaseWaitThread
712,0x293B45B8,0x0006DFC4,0,sceKernelGetThreadId
713,0x94AA61EE,0x0006E324,3,sceKernelGetThreadCurrentPriority
714,0x3B183E26,0x0006E20C,0,sceKernelGetThreadExitStatus
715,0x17C1684E,0x0006E2F4,0,sceKernelReferThreadStatus
716,0xFFC36A14,0x0006E1AC,0,sceKernelReferThreadRunStatus
717,0xBC80EC7C,0x0006E0AC,0,sceKernelExtendThreadStack
718,0xD13BDE95,0x0006DFB4,0,sceKernelCheckThreadStack
719,0x52089CA1,0x0006E234,0,sceKernelGetThreadStackFreeSize
720,0x9ACE131E,0x0006E334,0,sceKernelSleepThread
721,0x82826F70,0x0006E2E4,0,sceKernelSleepThreadCB
722,0xD59EAD2F,0x0006E0FC,0,sceKernelWakeupThread
723,0xFCCFAD26,0x0006E1A4,0,sceKernelCancelWakeupThread
724,0x1AF94D03,0x0006E0A4,0,
725,0x9944F31F,0x0006E32C,0,sceKernelSuspendThread
726,0x75156E8F,0x0006E2BC,0,sceKernelResumeThread
727,0x278C0DF5,0x0006E1B4,0,sceKernelWaitThreadEnd
728,0x840E8133,0x0006E2FC,0,sceKernelWaitThreadEndCB
729,0xD6DA4BA1,0x0006E104,1,sceKernelCreateSema
730,0x28B6489C,0x0006E1C4,1,sceKernelDeleteSema
731,0x3F53E640,0x0006E214,4,sceKernelSignalSema
732,0x4E3A1105,0x0006E22C,0,sceKernelWaitSema
733,0x6D212BAC,0x0006E2A4,2,
734,0x58B1F937,0x0006E25C,2,
735,0x8FFDF9A2,0x0006E314,0,
736,0xBC6FEBC5,0x0006E3A4,0,
737,0x55C20A00,0x0006E24C,1,
738,0xEF9E4C70,0x0006E174,1,
739,0x1FB15A32,0x0006E134,5,
740,0x812346E4,0x0006E2D4,4,
741,0x402FCF22,0x0006E21C,0,
742,0x328C546A,0x0006E1DC,5,
743,0x30FD48F0,0x0006E1D4,0,
744,0xCD203292,0x0006E0DC,0,
745,0xA66B0120,0x0006E344,0,
746,0xC07BB470,0x0006E0BC,14,
747,0xED1410E0,0x0006E164,14,
748,0xD979E9BF,0x0006E11C,14,
749,0xE7282CB6,0x0006E144,0,
750,0x623AE665,0x0006E27C,0,
751,0xF6414A71,0x0006E18C,12,
752,0xA8AA591F,0x0006E34C,0,
753,0xD8199E4C,0x0006E10C,0,
754,0xDB738F35,0x0006E12C,0,
755,0x82BC5777,0x0006E2EC,2,sceKernelGetSystemTimeWide
756,0x369ED59D,0x0006E1EC,0,
757,0xCEADEB47,0x0006E0E4,0,sceKernelDelayThread
758,0x68DA9E36,0x0006E294,0,sceKernelDelayThreadCB
759,0xBD123D9E,0x0006E0B4,0,sceKernelDelaySysClockThread
760,0x1181E963,0x0006E2B4,0,sceKernelDelaySysClockThreadCB
761,0x6652B8CA,0x0006E28C,0,
762,0xB2C25152,0x0006E374,0,
763,0x7E65B999,0x0006E2C4,0,
764,0xDAA3F564,0x0006E124,0,
765,0x110DEC9A,0x0006E284,0,
766,0xBA6B92E2,0x0006E39C,0,
767,0xC8CD158C,0x0006E0D4,0,
768,0xE1619D7C,0x0006E13C,0,
769,0x20FFF560,0x0006E17C,1,
770,0x328F9E52,0x0006E1E4,1,
771,0xB3A59970,0x0006E37C,0,
772,0x034A921F,0x0006E09C,0,
773,0x542AD630,0x0006E244,0,
774,0xC68D9437,0x0006E0CC,0,
775,0xD0AEEE87,0x0006E0EC,0,
776,0xD8B299AE,0x0006E114,0,
777,0xD2D615EF,0x0006E0F4,0,
778,0xB7C18B77,0x0006E38C,0,
779,0xC0B3FFD2,0x0006E0C4,0,
780,0xFB6425C3,0x0006E19C,0,
781,0x53B00E9A,0x0006E23C,0,
782,0x5F32BEAA,0x0006E264,0,
783,0xF919F628,0x0006E06C,0,
784,0xA291F107,0x0006E08C,0,
785,0xF27A9C51,0x0006DF5C,0,sceIoRemove
786,0x06A70004,0x0006DE94,0,sceIoMkdir
787,0x1117C65F,0x0006DF74,0,sceIoRmdir
788,0x779103A0,0x0006DEDC,0,sceIoRename
789,0x55F4717D,0x0006DEAC,0,sceIoChdir
790,0x54F5FB11,0x0006DEA4,0,sceIoDevctl
791,0xAB96437F,0x0006DF0C,0,sceIoSync
792,0x08BD7374,0x0006DEEC,0,sceIoGetDevType
793,0x109F50BC,0x0006DF6C,0,sceIoOpen
794,0x810C4BC3,0x0006DEE4,0,sceIoClose
795,0x63632449,0x0006DEBC,0,sceIoIoctl
796,0x27EB27B8,0x0006DF84,0,sceIoLseek
797,0x68963324,0x0006DEC4,0,sceIoLseek32
798,0x6A638D83,0x0006DECC,0,sceIoRead
799,0x42EC03AC,0x0006DE9C,0,sceIoWrite
800,0x3251EA56,0x0006DF8C,0,sceIoPollAsync
801,0xE23EEC33,0x0006DF2C,0,sceIoWaitAsync
802,0x35DBD746,0x0006DF94,0,sceIoWaitAsyncCB
803,0xA12A0514,0x0006DF04,0,sceIoSetAsyncCallback
804,0x89AA9906,0x0006DEF4,0,sceIoOpenAsync
805,0xFF5940B6,0x0006DF64,0,sceIoCloseAsync
806,0xE95A012B,0x0006DF4C,0,sceIoIoctlAsync
807,0x71B19E77,0x0006DED4,0,sceIoLseekAsync
808,0x1B385D8F,0x0006DF7C,0,sceIoLseek32Async
809,0xA0B5A7C2,0x0006DEFC,0,sceIoReadAsync
810,0x0FACAB19,0x0006DF3C,0,sceIoWriteAsync
811,0xB293727F,0x0006DF1C,0,sceIoChangeAsyncPriority
812,0xE8BC6571,0x0006DF44,0,sceIoCancel
813,0x5C2BE2CC,0x0006DEB4,0,sceIoGetFdList
814,0xB29DDF9C,0x0006DF24,2,sceIoDopen
815,0xEB092469,0x0006DF54,2,sceIoDclose
816,0xE3EB004C,0x0006DF34,2,sceIoDread
817,0xACE946E8,0x0006DF14,0,sceIoGetstat
818,0xE47E40E4,0x0006E464,25,
819,0x3624AE78,0x00000698,0,
820,0x74149C02,0x0000144C,0,
821,0x5F01916F,0x000007D4,2,sceGuStart
822,0xBA8CF6B9,0x000014C4,2,sceGuFinish
823,0x748A3E9A,0x00000A3C,0,
824,0x96CDBBA5,0x00001548,0,
825,0x965CA48B,0x000015BC,0,
826,0xC346B5C5,0x000015DC,0,
827,0xBA640D21,0x000015F8,0,
828,0xA109D5DF,0x00000C94,0,
829,0xFF4AA179,0x00000D48,0,
830,0x14B38E31,0x00001530,0,
831,0xE8D57DC6,0x00001604,7,sceGuSync
832,0x0F32AA45,0x00000BE0,0,
833,0xCCCC2EDC,0x000014E0,0,
834,0x9B14983B,0x00001670,0,
835,0xFBCD6A8F,0x00001580,0,
836,0x58F73755,0x00001154,0,
837,0x7E0EADDE,0x000017F8,0,
838,0x4B4F39FC,0x00001850,0,
839,0xE23D564B,0x00001938,0,
840,0x117A6250,0x000018AC,0,
841,0x7A69A18E,0x0000195C,0,
842,0x9E6D4FF2,0x000010A8,0,
843,0xB2EC763D,0x00001994,0,
844,0xF80C91BB,0x00001280,0,
845,0x5071E27A,0x00001A70,0,
846,0x5BC74146,0x00001B40,0,
847,0x9C6DC914,0x00001C28,0,
848,0x0510D59D,0x00001D44,0,
849,0xF3870132,0x00001E9C,0,
850,0x9F92F1F7,0x0000131C,0,
851,0x71096C1D,0x00002170,0,
852,0x369F1278,0x00001E80,0,
853,0xD9F56690,0x00001FE0,2,
854,0x8F2316E1,0x00001FF4,2,
855,0xA0547747,0x00002004,2,
856,0x388D8736,0x00002014,2,
857,0x05750A7C,0x00001EF8,0,
858,0xE4E2AD90,0x0000203C,0,
859,0xCB7DC84F,0x00000F90,0,
860,0xFBF63762,0x00001754,0,
861,0xA79E81D7,0x000016E0,0,
862,0xE4A45C4A,0x000017A4,0,
863,0x1290E81A,0x00000EC8,0,sceGuSwapBuffers
864,0xF0E6EE76,0x000020E0,0,
865,0x3E91B57C,0x0000210C,0,
866,0x178A6887,0x00002134,0,
867,0xE350525E,0x00002198,0,
868,0x0F2615A4,0x00002204,0,
869,0x41810056,0x00001348,0,
870,0x9094A8C2,0x000021D8,0,
871,0xBC927494,0x00002230,0,
872,0x53A44C1F,0x00002270,0,
873,0xFFEF73EB,0x00001370,0,
874,0x68522D68,0x000022AC,0,
875,0x5C5F727C,0x000022D4,0,
876,0x8D9B9A1A,0x000022FC,0,
877,0x5BA364BB,0x00002338,0,
878,0x6768DC54,0x00002360,0,
879,0xECF09C07,0x000023CC,0,
880,0x43E715B7,0x00002468,0,
881,0x3A4D566B,0x0000249C,0,
882,0x3BA5C5CC,0x000024D8,0,
883,0x16AB1034,0x00002504,0,
884,0xBDEA3115,0x00002544,0,
885,0x8053C305,0x0000256C,0,
886,0x9A2224D3,0x00002598,0,
887,0xD4042F7C,0x000025F0,0,
888,0x806B7B05,0x00002678,0,
889,0x8641512C,0x0000275C,0,
890,0x7E5AED26,0x00002698,0,
891,0x7DEBF6FA,0x0000139C,0,
892,0xB07562AB,0x00002718,0,
893,0xBE7B518F,0x00002640,0,
894,0xE4EBCEE2,0x0000277C,0,
895,0x050A7EB0,0x000027A8,0,
896,0x29631777,0x000027E4,0,
897,0xB47BC55F,0x00002830,0,
898,0x4EEDC120,0x000028B4,0,
899,0xF99F7FFB,0x000028FC,0,
900,0xA24AF273,0x00002938,0,
901,0xE587A0AB,0x0000295C,0,
902,0xB8730CB7,0x000029C0,0,
903,0xB3483885,0x000029FC,0,
904,0xF668966A,0x00002A58,0,
905,0xC14CA370,0x00002A8C,0,
906,0xB0B70670,0x00002A30,0,
907,0x59441F22,0x00002980,0,
908,0x00CD91E3,0x00002AE4,0,
909,0x6FA368CE,0x00002B88,0,
910,0x6CAA7395,0x00001968,0,
911,0x420E7DB5,0x00003D68,2,
912,0x85144720,0x00003F50,0,
913,0x233752D9,0x00021394,0,
914,0x76EA262B,0x00021628,0,
915,0xA898CCB6,0x00021778,0,
916,0xCE3E50F0,0x000218A8,0,
917,0xC3955DEF,0x000217B4,0,
918,0x4F22C9AA,0x00021EB4,397,
919,0xF2BD0694,0x00021F3C,355,
920,0xF8CDBCAB,0x00021FA4,338,
921,0xEF9740B0,0x00022014,45,
922,0x5739D1F8,0x00022048,54,
923,0x9EFDC9B9,0x00021994,253,
924,0xA3B7A6E9,0x000219BC,27,
925,0xB08EC132,0x00021A0C,30,
926,0x8634FBA0,0x00021A5C,38,
927,0x286A42AE,0x00021AAC,0,
928,0x7812BD99,0x00021B30,11,
929,0x0089B865,0x00021BB0,168,
930,0x42C464D5,0x00021BE8,42,
931,0x2EB1BD8B,0x00021C24,89,
932,0x8CA1052F,0x00021CBC,24,
933,0x8EA5CCE1,0x00021D50,4,
934,0x4258FC8D,0x00021DE4,2,
935,0x3E69656B,0x00022068,0,
936,0x32E84473,0x00022164,0,
937,0x7E266873,0x00022280,0,
938,0x694EA1D3,0x0002237C,0,
939,0x6B4A146C,0x0006E614,0,sceUmdGetDriveStat
940,0xA38AA0E9,0x00013A20,152,
941,0x0D801700,0x00013B64,135,
942,0x74161A40,0x000139DC,0,
943,0xE0D05CDA,0x000139F4,0,
944,0x5810B6C0,0x000139C4,3,
945,0xDA34FB1A,0x00013E9C,3,
946,0x40303F26,0x000139EC,0,
947,0x8F3D00D1,0x000139CC,0,
948,0x307DF57A,0x00013F18,2,
949,0xE64C3946,0x00014798,0,
950,0xC0028BAA,0x00014BB0,0,
951,0xFE3B7EB5,0x00015140,1,
952,0x9F463359,0x000147A8,0,
953,0xF2609482,0x00014BC4,0,
954,0x2034FFD9,0x00015158,0,
955,0xCE32B68D,0x00014770,6,
956,0x295BF133,0x00014B7C,117,
957,0xF1CE796C,0x000150EC,56,
958,0x722A420F,0x00015104,0,
959,0x333F5B0C,0x00014780,0,
960,0xCFC58802,0x00014B90,27,
961,0xCD8623A1,0x00015118,36,
962,0x6E92CF51,0x000147BC,0,
963,0x7D47E137,0x00014BDC,0,
964,0x67537638,0x00015174,0,
965,0x9CF6E52E,0x000147DC,0,
966,0xDE9A11C7,0x00014C04,0,
967,0x75ED958E,0x0001518C,0,
968,0x73570699,0x000147FC,0,
969,0x3BBF0BD5,0x00014C2C,0,
970,0x839DF9E1,0x000151A4,0,
971,0xEAFA1BC0,0x0001481C,0,
972,0xED06F118,0x00014C54,2,
973,0x8049B8DF,0x000151BC,0,
974,0x1F3AAFF2,0x0001483C,0,
975,0x5341BF3B,0x00014C7C,0,
976,0x3A786605,0x000151D4,0,
977,0xAA6E3AEA,0x0001485C,0,
978,0xD3890ECB,0x00014CA8,28,
979,0x15BE7861,0x000151EC,10,
980,0x310DE5C7,0x00015208,13,
981,0x8B52B60D,0x00014884,1,
982,0xE71B4A22,0x00014CDC,9,
983,0xBC1D779C,0x00015224,4,
984,0x23E473A6,0x00015240,0,
985,0x8A435D84,0x000148AC,0,
986,0x37548694,0x00014D10,3,
987,0x2314BC7B,0x0001525C,0,
988,0x06F6A476,0x00015278,0,
989,0x1D267982,0x000148D4,0,
990,0xCD1F4251,0x00014D44,0,
991,0x2C0929FE,0x00015294,0,
992,0x5FCDA4DC,0x000152BC,0,
993,0x509A66E6,0x000148FC,0,
994,0xA8EB39C9,0x00014D80,0,
995,0xE0786B49,0x000152E4,0,
996,0xE27E6E5E,0x00014920,0,
997,0x8BFD0B7B,0x00014DB0,2,
998,0xDDEE7637,0x00015320,0,
999,0x633C134B,0x00014998,0,
1000,0xD0B3477A,0x00014E50,0,
1001,0xE0277A7D,0x000153F0,0,
1002,0xE60A581A,0x00015424,0,
1003,0x34796DBE,0x000149D4,0,
1004,0x6F0F019C,0x00014E94,1,
1005,0x5705C256,0x00015458,0,
1006,0x21F68B7A,0x00014A1C,0,
1007,0x43DDAC30,0x00014EC8,0,
1008,0xBC31AC59,0x00015474,0,
1009,0xF5477BCF,0x00014978,1,
1010,0xBA5DC138,0x00014E20,37,
1011,0xA025F5D0,0x000153B0,11,
1012,0x8E537509,0x000153D0,9,
1013,0x006C8EE8,0x00014940,30,
1014,0x64CE5F24,0x00014DDC,3,
1015,0x7BCB8905,0x00015358,1,
1016,0xACCDB524,0x00015384,3,
1017,0xBB54BCFE,0x00014A64,1,
1018,0x12DA0DE2,0x00014EFC,1,
1019,0x538A2A9D,0x00015490,0,
1020,0x0C27DC4A,0x000154B0,2,
1021,0x44AF2C28,0x00014F2C,0,
1022,0xF16047DB,0x000154D0,14,
1023,0x29DE8D72,0x00014A84,0,
1024,0x491FAF71,0x00014F60,0,
1025,0xBB238B83,0x000154F0,0,
1026,0xE3A55ECE,0x00014A94,0,
1027,0xEAF270E3,0x00014F84,0,
1028,0x32CB111B,0x0001550C,0,
1029,0x0A9B32C8,0x00014AB0,0,
1030,0xAE579B2F,0x00014FA8,0,
1031,0x94C81EE5,0x00015528,0,
1032,0x65F6CB75,0x00014AD8,0,
1033,0x42DAB93C,0x00014FD8,0,
1034,0xD5A72405,0x00015548,0,
1035,0x25392D5A,0x00014680,0,
1036,0x56DA956A,0x00014FF8,6,
1037,0x6A99CCE6,0x00015570,0,
1038,0x25D8DB5C,0x00014700,0,
1039,0x9CB86EC7,0x00015020,0,
1040,0x30E4D15E,0x00015588,0,
1041,0x803FC64B,0x00014AF0,2,
1042,0x767DE7AB,0x0001504C,20,
1043,0xC5F4027B,0x000155A4,0,
1044,0x1FE543F1,0x000155D4,18,
1045,0xD8738701,0x00014B28,0,
1046,0xD3D74A05,0x0001508C,0,
1047,0x3A2F8A0C,0x0001563C,0,
1048,0xAA923EC4,0x00014B4C,0,
1049,0xFEA9D478,0x000150B4,0,
1050,0xC2CD822B,0x0001565C,2,
1051,0x67C2A9DD,0x00015604,0,
1052,0x500B1756,0x00015684,1,
1053,0x29D1B9D5,0x000158DC,24,
1054,0x13A603EB,0x00015FE8,63,
1055,0xFD0887C4,0x000156A4,0,
1056,0xECAAC680,0x00015910,0,
1057,0xBE792119,0x00016008,2,
1058,0xBD6A07AE,0x000156D4,0,
1059,0x5DE2FCC0,0x00015944,0,
1060,0x91EFFDC1,0x00016028,26,
1061,0xFAB49CC1,0x000156FC,1,
1062,0x89EE81BB,0x00015990,26,
1063,0xF293756B,0x000160BC,47,
1064,0xC774A9D5,0x000160E4,7,
1065,0xE537EF14,0x0001572C,0,
1066,0x7C331AE4,0x000159DC,1,
1067,0xD697947E,0x0001610C,64,
1068,0xBD585F5E,0x0001576C,0,
1069,0xEE9A0DEC,0x00015A58,0,
1070,0x98709196,0x0001614C,0,
1071,0x1192AA93,0x000157C0,0,
1072,0x29FE3E73,0x00015AB8,0,
1073,0x3325AA47,0x00016184,4,
1074,0x059281D4,0x000161B0,1,
1075,0xB327C8B9,0x00015F70,0,
1076,0x26168205,0x000166C4,0,
1077,0x158364F1,0x000157E8,1,
1078,0xB0BADD91,0x00015C0C,11,
1079,0xD63C9E95,0x00015B8C,3,
1080,0x73918516,0x00015B0C,12,
1081,0x37562668,0x00015C8C,3,
1082,0x45D54BCF,0x000162D4,13,
1083,0x8B0A8B96,0x00016278,19,
1084,0x27511CE0,0x0001621C,3,
1085,0x95739712,0x00016330,0,
1086,0x6786E0EF,0x000161E8,24,
1087,0x10601B88,0x0001606C,0,
1088,0x1B9FDB6F,0x00016094,0,
1089,0x533C4C02,0x0001583C,0,
1090,0xB3B9BF75,0x00015DF8,0,
1091,0x2D146EC7,0x00016430,0,
1092,0x5DCA22C2,0x00015874,0,
1093,0x5744BFB1,0x00015E60,0,
1094,0x187E033E,0x000164D4,0,
1095,0xCF75DBDF,0x00015884,0,
1096,0xEBBBD96E,0x00015E78,0,
1097,0x538D8F89,0x000164F4,0,
1098,0xE57BB5C2,0x000158AC,0,
1099,0xCE2F1A73,0x00015ED4,0,
1100,0x732C4F28,0x000165C8,0,
1101,0x3F998799,0x00017CE4,0,
1102,0xA6344995,0x00017CF8,0,
1103,0xB693AF8E,0x00017D20,22,
1104,0x7EC5181C,0x00017D84,0,
1105,0x1BAA2B93,0x00017DAC,0,
1106,0x32F52CAC,0x00017DC8,0,
1107,0x8C23C415,0x00017DE4,11,
1108,0x9F5F98AB,0x00017E00,0,
1109,0x660F96F4,0x00017E20,4,
1110,0xB079A5D1,0x00017ECC,0,
1111,0x9460BD06,0x000180D4,0,
1112,0x5C2835DE,0x000180F4,0,
1113,0x966FBCFA,0x0001810C,0,
1114,0xA2C4E735,0x000177B4,6,
1115,0xE8EA9D7C,0x00018130,0,
1116,0x0EBB4C05,0x00018178,0,
1117,0xC87E4924,0x000181C0,5,
1118,0xEA203626,0x00017A28,0,
1119,0xB5179384,0x00017B80,0,
1120,0x38401656,0x00016CF0,1,
1121,0x85EBD3B4,0x00016D14,0,
1122,0x1ABDBABF,0x00016D4C,0,
1123,0x33FDC8BA,0x00016BD0,0,
1124,0x94F364BA,0x00016D94,2,
1125,0x0B93F1FE,0x00016DB0,0,
1126,0x01B0C3EE,0x00016DF8,0,
1127,0xF99533C5,0x00016E48,0,
1128,0x31EA10A8,0x00016CD8,0,
1129,0x633728A5,0x00016C84,0,
1130,0xA27FD171,0x00016C9C,0,
1131,0xCE7D2C9E,0x00016CB0,0,
1132,0xB1682E28,0x00016EA4,0,
1133,0x0ECB8E01,0x00016EC0,0,
1134,0x5606B326,0x00016EDC,0,
1135,0x3E4223FE,0x00016EF8,0,
1136,0x4877BD68,0x00016F14,0,
1137,0x4056A4DA,0x00016F30,0,
1138,0xD250640E,0x00016F4C,0,
1139,0xF7BCED2E,0x00016F64,0,
1140,0xE758A14F,0x00016F7C,1,
1141,0x89165328,0x00016FA8,0,
1142,0xECCB2666,0x00016FD4,0,
1143,0x6FD8157A,0x00016FF4,0,
1144,0xDE3AFA05,0x00017014,0,
1145,0x58DCA3EF,0x00017048,0,
1146,0xD0DF548E,0x0001707C,0,
1147,0xF412CF9E,0x00017098,0,
1148,0x6B7AF67C,0x000170B4,0,
1149,0x85F55944,0x000170D4,0,
1150,0xF7A9960F,0x000170FC,0,
1151,0x4858BC84,0x00017130,0,
1152,0x317716E5,0x00016718,15,
1153,0xFE7BDE64,0x00016738,0,
1154,0x5C4E84AA,0x00016794,2,
1155,0xAF8E6886,0x000167EC,8,
1156,0x0A0CC3A4,0x0001694C,14,
1157,0x7D880441,0x00016970,10,
1158,0xD829D719,0x00016998,0,
1159,0x6C97C2FD,0x000169C0,0,
1160,0x1C922D69,0x000169E4,0,
1161,0x880B3B57,0x00016A0C,0,
1162,0xF1C199B4,0x00016A2C,0,
1163,0xDA790D12,0x00016A54,1,
1164,0x26F05781,0x00016A7C,1,
1165,0x424598D9,0x00016AA4,2,
1166,0x34592A20,0x00016AD4,0,
1167,0x711AC797,0x00016AF4,16,
1168,0xC012BD05,0x00016B18,0,
1169,0x8637BCB2,0x00016B38,8,
1170,0x8D0CE141,0x00016B60,3,
1171,0x6CF80554,0x00016B80,0,
1172,0x7A15809D,0x00016BAC,0,
1173,0xD0C4434B,0x000181FC,0,
1174,0xFB137DE8,0x00018244,0,
1175,0x156FE253,0x00017198,0,
1176,0xA845C069,0x000171C0,0,
1177,0x89160DF1,0x000171E8,0,
1178,0xCA9896F0,0x00017210,0,
1179,0xB2DA8CC7,0x0001722C,0,
1180,0xB65A3F92,0x00017168,0,
1181,0x44653809,0x000173F0,1,
1182,0x45A1EA6F,0x0001747C,0,
1183,0xB442C776,0x00017500,1,
1184,0x59A406B3,0x0001758C,0,
1185,0x0E65F6C2,0x00017640,0,
1186,0xB4C1C542,0x00017264,0,
1187,0x0962DB03,0x0001772C,0,
1188,0x1C2A2A76,0x0001775C,0,
1189,0x6DBCF897,0x00013068,4,
1190,0x1B5B82BC,0x000132C0,4,
1191,0x70CB33BE,0x0006C678,5,
1192,0xDCA0DCE1,0x0006C6A8,5,
1193,0x50EA4D71,0x0006C6E0,7,
1194,0xCA55DBB1,0x0006C734,0,
1195,0x245526EE,0x0006C6B0,5,
1196,0x1618EC6A,0x0006C6F4,0,
1197,0x8174A2CB,0x00018950,2,
1198,0xF6269B82,0x0006E704,6,sceUtilityOskInitStart
1199,0x3DFAEBA9,0x0006E684,6,sceUtilityOskShutdownStart
1200,0x4B85C861,0x0006E694,6,sceUtilityOskUpdate
1201,0xF3F76017,0x0006E6FC,7,sceUtilityOskGetStatus
1202,0xD470D0B2,0x0003F988,88,
1203,0x5998BFD7,0x0003FA3C,80,
1204,0x450CD6C5,0x0003FAF0,77,
1205,0xC721E899,0x0003FB08,11,
1206,0x878EE1D3,0x0003FB38,49,
1207,0xC9898F12,0x0003FF60,0,
1208,0xFBE2B76F,0x00040270,0,
1209,0x8EC4A14F,0x000402F0,1,
1210,0x4878E980,0x000402F8,1,
1211,0x1285C5D4,0x0004030C,0,
1212,0xC87BAB32,0x0004050C,59,
1213,0x213AA351,0x000405BC,0,
1214,0x843DFC9B,0x00040678,0,
1215,0x379A5D54,0x00040728,0,
1216,0x942B03D0,0x00040C70,498,
1217,0xBBB5D950,0x00040C84,1,
1218,0x60B55A50,0x00040CA0,433,
1219,0xDD69EDFB,0x00040CD8,1,
1220,0x66F8E113,0x00040CE4,202,
1221,0x2FD4863E,0x00040D54,49,
1222,0xB89D38DC,0x000416B0,108,
1223,0x3BB2BAC6,0x0004192C,38,
1224,0xBC8E65D7,0x00042604,77,
1225,0x5F00A362,0x00042B88,20,
1226,0x87A64CC6,0x00042D0C,5,
1227,0x97BB99A5,0x00042EAC,14,
1228,0x06380DFA,0x000430BC,16,
1229,0x0D961646,0x000430C8,16,
1230,0x33ED567B,0x000430D4,55,
1231,0xD3448D59,0x00043118,2,
1232,0x4AA58320,0x0004312C,41,
1233,0xF96D270D,0x00043170,1,
1234,0xC9D9E989,0x00043184,105,
1235,0x2F510B80,0x000431C8,1,
1236,0xD853F15C,0x000431DC,105,
1237,0x1D821C84,0x00043220,1,
1238,0x0941BAC6,0x00043234,32,
1239,0x60492D87,0x00043278,0,
1240,0xC792FA38,0x0004328C,102,
1241,0x5B08FB0D,0x000432D0,6,
1242,0xAB962AE7,0x000432E4,41,
1243,0x379BEA78,0x000432F0,1,
1244,0xB8AD96EA,0x000432FC,336,
1245,0xA4AFF8E6,0x0004332C,335,
1246,0xBF4D5B0C,0x00044784,15,
1247,0xB3B5D3CF,0x00044790,8,
1248,0x7B8EF3EC,0x00044914,22,
1249,0x5A023ABD,0x000449CC,8,
1250,0x28BE130B,0x00044A84,7,
1251,0x826AE59C,0x00044B64,6,
1252,0xF1BC43DB,0x00047268,171,frame_sync
1253,0x74E51EA4,0x0004728C,1,
1254,0x90B7D870,0x000473B8,0,
1255,0x7BCFA60E,0x00047400,0,
1256,0x430506CF,0x00047448,0,
1257,0x530BB327,0x00047528,5,
1258,0xA93273D2,0x000475DC,5,
1259,0x486EBAC0,0x00047768,5,
1260,0xF843E20A,0x00047B38,6,
1261,0x50D6F57B,0x000486B4,11,
1262,0xB779C0DF,0x0004875C,11,
1263,0xC1F72EF5,0x00048A78,12,
1264,0x6D6C9B94,0x00049734,6,
1265,0xD1A604C7,0x000497F0,11,
1266,0x3E4FC8A6,0x00049850,2,
1267,0xD14D875D,0x00049864,1,
1268,0xD66F81DF,0x00049894,1,
1269,0xC2164E23,0x0004BB58,0,
1270,0xBD104161,0x0004BB7C,0,
1271,0xD957F48D,0x0004BBA0,0,
1272,0x56B8600D,0x0004BBC4,0,
1273,0xAD0CFD38,0x0004BBE8,0,
1274,0xDB063454,0x0004BB34,0,
1275,0xC644C679,0x0004B260,7,
1276,0x2CBACB65,0x0004B29C,0,
1277,0xD14AC828,0x0004B2DC,0,
1278,0x6919FD3F,0x0004B30C,6,
1279,0x71B237CA,0x0004B330,30,
1280,0xFF4748F0,0x0004B360,1,
1281,0xFC53D253,0x0004B390,3,
1282,0xA94DF30B,0x0004B3B4,5,
1283,0x0D3E34B5,0x0004B3D8,8,
1284,0x67953A3E,0x0004B3FC,18,
1285,0xBCEB40ED,0x0004B42C,2,
1286,0xD49B6BDD,0x0004B470,3,
1287,0xFF141CC8,0x0004B4A8,2,
1288,0x057BAF6A,0x0004B4F0,1,
1289,0x93578062,0x0004B538,3,
1290,0xC978255D,0x0004B570,2,
1291,0xEF9EFF0F,0x0004B5A8,2,
1292,0x3EC38F85,0x0004B5E0,4,
1293,0x8852C022,0x0004B618,5,
1294,0xE4867425,0x0004B644,4,
1295,0xD7221D20,0x0004B258,1,
1296,0x0CEF10F0,0x0004B674,1,
1297,0x82249188,0x0004B6B4,24,
1298,0xCA477B34,0x0004B6E4,17,
1299,0x6AE55E91,0x0004B728,1,
1300,0xB722881B,0x0004B758,1,
1301,0xF59F3BD3,0x0004B79C,48,
1302,0xBA0DA4DE,0x0004B7C0,37,
1303,0x3F68D487,0x0004B7E4,3,
1304,0x9EB9A3A6,0x0004B834,8,
1305,0xA43AE5C3,0x0004B884,20,
1306,0x090CB0EA,0x0004B8A8,0,
1307,0x173C81DF,0x0004B8CC,2,
1308,0x483EFDCB,0x0004B8F0,0,
1309,0x776C1664,0x0004B914,0,
1310,0x7135F23B,0x0004B938,0,
1311,0x958F298F,0x0004B95C,1,
1312,0x0838F3A5,0x0004B980,0,
1313,0x892F5B43,0x0004B9B0,2,
1314,0x70563675,0x0004BA00,2,
1315,0x906A916B,0x0004BA24,8,
1316,0xD60CF578,0x0004BA48,9,
1317,0x6DBE26D9,0x0004BA78,2,
1318,0xC008B2A6,0x0004BAA4,0,
1319,0xD6CC2463,0x0004BAC8,0,
1320,0xD2B87B2C,0x0004BAEC,1,
1321,0xF75111E2,0x0004BC74,0,
1322,0x027B9796,0x0004BCC8,1,
1323,0xE1ECBDFB,0x0004BD08,3,
1324,0x11232FC7,0x0004BD60,0,
1325,0xB22014A2,0x0004BD68,0,
1326,0xAB18E04A,0x0004C9AC,23,
1327,0x6368BABC,0x0004E90C,1,
1328,0x2F21139D,0x0004E94C,1,
1329,0x563241D4,0x0004E98C,0,
1330,0x7C9D58D8,0x0004E994,0,
1331,0x9455886E,0x0004E99C,6,
1332,0x5CEDF44D,0x0004EA4C,4,
1333,0x57345021,0x0004EAFC,5,
1334,0x19AC3ED4,0x0004EB0C,1,
1335,0xA5DA23BF,0x0004EB1C,0,
1336,0xA36F1620,0x0004EB2C,0,
1337,0x6EEF2E59,0x0004EB90,3,
1338,0xC91EC6B8,0x0004F4DC,0,
1339,0xA59B0BD6,0x0004F588,0,
1340,0xD45128B2,0x0004F63C,0,
1341,0xE43434AC,0x0004F74C,1,
1342,0x40245E80,0x0004F7F0,0,
1343,0xED529D26,0x0004F918,2,
1344,0x7140069D,0x0004FA5C,2,
1345,0xC2295CF3,0x0004FA7C,3,
1346,0xBCCFD219,0x0004FAE4,3,
1347,0x1E3B22BA,0x0004FE2C,3,
1348,0xC48803A2,0x0004FE64,0,
1349,0xA6D7B8CF,0x0004FEA0,6,
1350,0x3C1C1F65,0x0004FEDC,29,
1351,0xC1BE453D,0x0004FF04,11,
1352,0x90281239,0x0004FF2C,16,
1353,0xCC32BE69,0x0004FF58,1,
1354,0xB61A765E,0x00050610,2,
1355,0xEA018EFE,0x000506B4,14,
1356,0x5A6B0741,0x000506EC,8,
1357,0xFA6FC7A4,0x000507B8,0,
1358,0x8CE72107,0x000507E0,2,
1359,0xD46615D9,0x00050878,10,
1360,0xD98EA579,0x00050898,2,
1361,0xB2389187,0x00050B1C,21,
1362,0xB1D174DA,0x00050B9C,3,
1363,0xA4375D58,0x00050BD8,3,
1364,0xE1359B02,0x00050C14,56,
1365,0x2A501391,0x00050C5C,12,
1366,0x8C732074,0x00050CC4,0,
1367,0x57788A22,0x00050CE8,0,
1368,0x008B4553,0x00050D24,1,
1369,0x97DF0A3D,0x00050D48,0,
1370,0x6A55182E,0x00050D7C,4,
1371,0x7FEB691D,0x00050DA0,0,
1372,0xC9C2EA0E,0x00050DC4,0,
1373,0x87C4D10C,0x00050DE8,0,
1374,0xF62DC541,0x00050E1C,0,
1375,0x9D7C12A5,0x00050E40,0,
1376,0x5F673552,0x00050E68,2,
1377,0x3B28C89A,0x00050E9C,0,
1378,0x8477BA04,0x00050EC8,31,
1379,0x70BB900D,0x00050F30,0,
1380,0xD9E726DC,0x00050F5C,1,
1381,0x73E8731F,0x00050F80,0,
1382,0x87FF0BD0,0x00050FF4,0,
1383,0xD6174B8C,0x00051018,0,
1384,0x2D86F442,0x00051040,3,
1385,0x6FF0E90D,0x000510A0,0,
1386,0x51007C70,0x000510D4,9,
1387,0x4D1B2279,0x000510F8,1,
1388,0x49199F3F,0x0005111C,1,
1389,0xCDECA77A,0x0005115C,2,
1390,0x569E5E02,0x00051184,1,
1391,0xE11505A9,0x000511C4,2,
1392,0x6DF8A193,0x000511EC,3,
1393,0x3CBA42E9,0x00051230,0,
1394,0x7D5A432D,0x0005125C,0,
1395,0x2934F9EC,0x000512A0,0,
1396,0xD9934FBE,0x000512D0,0,
1397,0x059D538D,0x00051314,0,
1398,0x202CE24D,0x00051344,0,
1399,0x3AFF68BB,0x00051388,0,
1400,0xAAFBFE65,0x000513B8,0,
1401,0x75E7FBD7,0x000513FC,0,
1402,0x89BFBBBD,0x0005142C,0,
1403,0x3BBDDEF2,0x00051470,0,
1404,0x9A7CC725,0x000514A0,0,
1405,0x86CACA77,0x000514E4,0,
1406,0x6F671C32,0x00051514,0,
1407,0x8F815D61,0x00051558,0,
1408,0x079B6274,0x00051588,0,
1409,0x31D2EA5C,0x000515CC,0,
1410,0x9559D88B,0x000515FC,1,
1411,0xC57FD721,0x00051640,12,
1412,0xA9A73BAB,0x0005166C,0,
1413,0x26BDF70F,0x000516B0,1,
1414,0xEDA6714D,0x000516E0,0,
1415,0x46EACB7C,0x00051724,1,
1416,0x8DE0356C,0x00051754,0,
1417,0x4B405BF8,0x00051798,0,
1418,0x74CB7D02,0x000517C8,1,
1419,0x7002278E,0x0005180C,9,
1420,0x4FEC1351,0x0005183C,0,
1421,0x3931EEB0,0x00051880,0,
1422,0x5ED6B8AE,0x000518B0,1,
1423,0x3FD815F4,0x000518F4,5,
1424,0x7A8E41CA,0x00051924,1,
1425,0x62A243C4,0x00051968,5,
1426,0xC15BF702,0x00051994,1,
1427,0x5ABF64AE,0x000519D8,5,
1428,0x6E04A2B5,0x00051A08,1,
1429,0xD79EAEBD,0x00051A4C,6,
1430,0x3134F230,0x00051A7C,1,
1431,0xD4771E47,0x00051AC0,5,
1432,0x05FD3047,0x00051AF0,1,
1433,0xA69042CD,0x00051B40,11,
1434,0x97D7BF5F,0x00051B90,1,
1435,0xF2BA729B,0x00051BD4,2,
1436,0xB0DA6DA3,0x00051C04,3,
1437,0x251128FD,0x00051CA0,1,
1438,0x0ED40BD9,0x00051D0C,1,
1439,0x6533F67D,0x00051D64,1,
1440,0x99E9314A,0x00051D8C,1,
1441,0x297D4D80,0x00051DE8,0,
1442,0x6FE21799,0x00051E50,4,
1443,0xF352F222,0x00051E78,1,
1444,0x3191B26A,0x00051EA0,1,
1445,0x9D7372E0,0x00052100,41,
1446,0x6A91E8E8,0x00052138,7,
1447,0x2213CC45,0x0005216C,6,
1448,0xD907D31A,0x000521D0,32,
1449,0x983DA324,0x00052414,4,
1450,0x97F24E9A,0x00052630,20,
1451,0x96AEAC25,0x00052874,19,
1452,0x71B597B9,0x00052B00,1,
1453,0x64B18ECB,0x00052B3C,0,
1454,0x3BC985D1,0x00052B84,1,
1455,0x7A41135B,0x00052BFC,15,
1456,0x5EB01D69,0x00052C28,1,
1457,0xC4FA973E,0x00052CF8,20,
1458,0xC23B8C57,0x00052DAC,1,
1459,0x45FA60B1,0x00052E70,9,
1460,0x6D463144,0x00052EAC,0,
1461,0x7B47DFE9,0x00052EE4,31,
1462,0x8171A371,0x00052F14,2,
1463,0x184C52C0,0x00052F50,3,
1464,0xD9E13A6A,0x00052F80,22,
1465,0xD7AFA174,0x00052FEC,38,
1466,0xAEA7AA02,0x0005301C,1,
1467,0xE738DE20,0x00053058,1,
1468,0x79B05ABC,0x00053084,2,
1469,0xE9F3212D,0x000530C0,16,
1470,0xEFADAB40,0x000530F0,2,
1471,0xB401BB25,0x00053150,28,
1472,0x7E155A3E,0x00053180,1,
1473,0x31B1A6F0,0x000531E8,3,
1474,0xA845D5F0,0x00053218,2,
1475,0x55CF82EB,0x00053278,0,
1476,0x3D86E9BF,0x000532A4,0,
1477,0x5096D1B3,0x000532D0,1,
1478,0x687F1A2C,0x000532F4,8,
1479,0xEB6FAACF,0x00053334,4,
1480,0x432B2436,0x00053364,1,
1481,0xE6E2606B,0x00053398,5,
1482,0x293220C2,0x000533C8,3,
1483,0x98CFEF3D,0x00053428,2,
1484,0x1CA0CECE,0x00053458,0,
1485,0x218CCFB3,0x000534BC,1,
1486,0x93A6F5A4,0x000534E0,1,
1487,0x1D76FBF3,0x0005350C,8,
1488,0x1CBB2C1C,0x0005353C,23,
1489,0xDA66B694,0x00053588,6,
1490,0x585DF0FF,0x000535C8,3,
1491,0xB6C65705,0x0005361C,8,
1492,0xC1E38FF7,0x0005365C,23,
1493,0xC78D825A,0x00053710,6,
1494,0xCAB9DF55,0x00053760,3,
1495,0x2D966EFA,0x00053814,0,
1496,0x0633EF17,0x00053854,0,
1497,0xAF9C94D8,0x0005397C,0,
1498,0x7CB077F1,0x000539AC,0,
1499,0x6F03A81E,0x000539DC,0,
1500,0x4B6108E5,0x00053A00,1,
1501,0xB9661F20,0x00053A24,1,
1502,0xB2798747,0x00053A30,0,
1503,0x93051754,0x00053A60,2,
1504,0xF334B3F9,0x00053A90,2,
1505,0x5E9DDF31,0x00053AFC,0,
1506,0x8BD528F0,0x00053B20,3,
1507,0x3ADC4161,0x00053B44,2,
1508,0x4D8D7EA6,0x00053B4C,0,
1509,0xCC728840,0x00053B7C,3,
1510,0xF1D5B644,0x00053BAC,2,
1511,0xD84432B6,0x00053BBC,1,
1512,0x9D6B7134,0x00053BE0,0,
1513,0xE5666206,0x00053C04,0,
1514,0xFEFCBA3E,0x00053CEC,4,
1515,0x665C6D67,0x00053D14,2,
1516,0xA4B2A31B,0x00053D50,22,
1517,0xDDDE1D55,0x00053D78,2,
1518,0xB2584E43,0x00053DC0,21,
1519,0x8AA48382,0x00053E14,5,
1520,0x16D9A578,0x00053E74,16,
1521,0x0E0216E1,0x00053EC8,5,
1522,0xF0A9754C,0x00053F20,0,
1523,0x78749045,0x00054024,1,
1524,0x9831163C,0x00054054,1,
1525,0x48B2E54A,0x0005407C,203,
1526,0xFAA0B5CD,0x000540D0,164,
1527,0xF7D9BEF6,0x000540FC,1,
1528,0x845D409B,0x00054124,1,
1529,0x6DB9AB2F,0x00054174,0,
1530,0x58E54272,0x00054214,3,
1531,0x754975A6,0x00054268,0,
1532,0x83E48CCF,0x00054290,5,
1533,0xED818642,0x00054304,45,
1534,0xF1CABFAC,0x00054348,3,
1535,0x0A1BFD9A,0x00054378,4,
1536,0xB6D80F09,0x000543A0,4,
1537,0x020C6314,0x000543D0,5,
1538,0x6A96E306,0x00054420,16,
1539,0x1F435989,0x00054450,5,
1540,0x1FD5A78C,0x00054490,3,
1541,0x11369E88,0x000544C0,3,
1542,0x442C88C6,0x00054500,14,
1543,0x5A5244E3,0x00054528,3,
1544,0xE8933BD8,0x0005456C,0,
1545,0xBB8E7F5D,0x000545A8,0,
1546,0x923D4D46,0x000545D4,3,
1547,0x9753FA81,0x00054634,9,
1548,0x960D020F,0x00054664,25,
1549,0xC3542E68,0x0005475C,26,
1550,0xAE84266D,0x000547F4,7,
1551,0xE027B544,0x00054834,9,
1552,0xE8EB3756,0x0005485C,5,
1553,0xBE54B40C,0x0005489C,5,
1554,0x78ED2B0F,0x000548C0,5,
1555,0x55981772,0x00054900,5,
1556,0x31454993,0x00054928,333,get_language
1557,0x1F710553,0x0005494C,4,
1558,0x0E1394AE,0x00054990,0,
1559,0xB82A7187,0x000549B8,0,
1560,0x916344C2,0x000549E0,0,
1561,0x1D9BF787,0x00054A08,4,
1562,0x8C14DFE9,0x00054A30,0,
1563,0x2EE943AC,0x00054A58,7,
1564,0xF6845BB5,0x00054A8C,1,
1565,0x9C7833AA,0x00054AC0,2,
1566,0xF1CE9623,0x00054AFC,4,
1567,0x9A381A51,0x00054B84,2,
1568,0xB27BC15D,0x00054BB0,29,
1569,0x783340AE,0x00054BE0,5,
1570,0x62FD685F,0x00054C38,12,
1571,0x81857D14,0x00054ECC,42,
1572,0xDD4DAED2,0x00054F28,7,
1573,0x8CFD5EC1,0x00054F84,22,
1574,0x3532DEB2,0x00055044,7,
1575,0xAC3EDD06,0x000550D4,5,
1576,0xDF190399,0x00055138,1,
1577,0x31D0BD26,0x00055170,13,
1578,0x481242AF,0x000551CC,20,
1579,0xC1FD7BFC,0x00055278,7,
1580,0xE9550159,0x000552B4,19,
1581,0x2157B640,0x000552F0,1,
1582,0xCCDAED90,0x00055358,1,
1583,0x8517B8C4,0x000553AC,3,
1584,0x339B98FC,0x00055424,4,
1585,0x6CD914D3,0x00055450,1,
1586,0xE87491C1,0x0005549C,2,
1587,0x11C6BBA1,0x000554C8,1,
1588,0xEA7396F6,0x000554F8,12,
1589,0x99C49A5D,0x00055520,1,
1590,0x635BB4EE,0x000555D0,1,
1591,0x3BB4C309,0x0005563C,2,
1592,0x415BCECC,0x0005566C,2,
1593,0x2D976EA8,0x00055694,4,
1594,0x83D08468,0x000556D0,6,
1595,0xE7FAA144,0x00055700,4,
1596,0x850B903B,0x0005573C,2,
1597,0xC78C87F4,0x0005576C,7,
1598,0x69BC0E71,0x000557A8,2,
1599,0x9F4359AB,0x000557D8,4,
1600,0xA4585C47,0x00055814,2,
1601,0x0EB054A9,0x00055844,4,
1602,0x02D6D189,0x00055880,3,
1603,0x92675210,0x000558B0,3,
1604,0xB63981BD,0x000558EC,12,
1605,0xB75B23D0,0x0005591C,3,
1606,0x0836FA55,0x00055958,7,
1607,0xF358A88E,0x00055988,3,
1608,0xD859D27D,0x000559C4,2,
1609,0x1C3A6111,0x000559F4,3,
1610,0x756D3370,0x00055A30,1,
1611,0xEC23C07C,0x00055A60,2,
1612,0x159AFF02,0x00055A90,1,
1613,0xF078D8CF,0x00055AB8,3,
1614,0xDC3F7D07,0x00055B08,2,
1615,0x951CE88A,0x00055B30,0,
1616,0x3DF375C0,0x00055B78,0,
1617,0x1D86A38A,0x00055BE0,0,
1618,0x64320906,0x00055C18,2,
1619,0xE50611D5,0x00055C54,0,
1620,0xDDAAA4FF,0x00055C84,3,
1621,0x51A71BD2,0x00055CC0,3,
1622,0x074A3951,0x00055CF0,2,
1623,0x01FF2926,0x00055D2C,0,
1624,0xE0EB5D1B,0x00055D5C,1,
1625,0xF562B0AE,0x00055D8C,2,
1626,0xF3DEE95F,0x00055DB4,4,
1627,0x82E739A4,0x00055DF4,60,
1628,0x788CFA4B,0x00055E18,1,
1629,0x025FE238,0x00055E54,145,
1630,0x3A7E4F65,0x00055E74,26,
1631,0xED7A3401,0x00055EB8,57,
1632,0xEAB73341,0x00055EFC,3,
1633,0xE50B9594,0x000565C0,53,
1634,0xC8AF3744,0x00056FB0,13,
1635,0x18A71693,0x00057058,0,
1636,0xE8869D4F,0x00057078,0,
1637,0xE9F96A3F,0x000570F0,4,
1638,0x49445C9F,0x0005717C,0,
1639,0x48CEF02B,0x000571F4,0,
1640,0xD4DE5DD8,0x00057280,267,
1641,0xA200D82D,0x000572A8,40,
1642,0x5305D550,0x000572D4,1,
1643,0xC4D9C911,0x000588C4,8,
1644,0x9090346C,0x0005892C,19,
1645,0x1020AABA,0x000589C8,2,
1646,0x6D0A6831,0x00058A04,0,
1647,0x7EBDB800,0x00058A24,17,
1648,0x64D352A1,0x00058A44,4,
1649,0xA263D2AF,0x00058ADC,6,
1650,0xDF62D899,0x00058B20,3,
1651,0x0E83FDE4,0x00058B50,0,
1652,0xC90F96BF,0x00058B90,0,
1653,0x53D7C1EE,0x00058BB0,9,
1654,0xBAB403B8,0x00058C30,8,
1655,0x34A7E8C2,0x00058CBC,9,
1656,0x35CD6059,0x00058D2C,2,
1657,0x7754CFD2,0x00058D4C,7,
1658,0x5E149703,0x00058D74,13,
1659,0x508112BC,0x00058DCC,0,
1660,0x74E8AEDB,0x00058DEC,0,
1661,0x7DAC692D,0x00058E14,4,
1662,0xD69ADF86,0x00058E58,0,
1663,0x8B3C2942,0x00058E90,1,
1664,0x403E8764,0x00058F54,0,
1665,0xE4F368A9,0x00058F74,4,
1666,0x13D04A29,0x00058F9C,0,
1667,0x2DE9CA69,0x00058FBC,4,
1668,0xFBE0879A,0x00058FE4,0,
1669,0x7B534759,0x00059038,0,
1670,0xB592601A,0x00059074,0,
1671,0xD7A7E8EE,0x000590C4,0,
1672,0x1A9D30C8,0x00059134,0,
1673,0x62D24E04,0x000591A4,0,
1674,0x9D649F7B,0x0005920C,0,
1675,0xB6BF2658,0x0005922C,0,
1676,0x0744F3E3,0x00059284,0,
1677,0x3544AA2A,0x000592D4,0,
1678,0x9E72EF23,0x00059320,3,
1679,0xBABCE790,0x00059360,1,
1680,0x3EF8731C,0x000593B0,2,
1681,0xBAF2096A,0x000593E8,2,
1682,0xA864B21B,0x00059418,3,
1683,0xBB977070,0x00059448,1,
1684,0xAC7C7A6A,0x00059478,1,
1685,0x994CF8F8,0x000594A8,1,
1686,0x44E1C5AD,0x000594D8,1,
1687,0xE4BD1C8F,0x00059508,1,
1688,0xC5F0D6F8,0x00059538,1,
1689,0x99FF9D51,0x00059568,13,
1690,0x639AE71F,0x00059588,18,
1691,0x916286F3,0x000595D8,14,
1692,0x9D9F1E8F,0x00059610,0,
1693,0x16A503D9,0x0005965C,0,
1694,0x36730B01,0x00059664,0,
1695,0x0A60B08B,0x000596A8,1,
1696,0x327E7DA1,0x000596C8,16,
1697,0xB2FABBDD,0x000596D4,17,
1698,0xEF06FE41,0x000596E0,8,
1699,0x17E6E292,0x0005986C,0,
1700,0x237AA884,0x00059878,0,
1701,0x28C8CB55,0x00059884,0,
1702,0x8ECDC514,0x00059890,0,
1703,0x0E902A33,0x0005989C,0,
1704,0xEABBA54E,0x000598A8,0,
1705,0x950485E5,0x000598B4,0,
1706,0x7C2282B5,0x000598C0,0,
1707,0x74003620,0x000598CC,0,
1708,0xF3ADEF95,0x000598D8,0,
1709,0x1B098197,0x000598E4,0,
1710,0x8180D334,0x000598F0,0,
1711,0xB059F726,0x000598FC,2,
1712,0x8F688257,0x00059930,1,
1713,0x1CCB5DD4,0x00059984,2,
1714,0x989A81A0,0x000599CC,0,
1715,0x1268A00D,0x000599F4,0,
1716,0x24B3AAB3,0x00059A1C,0,
1717,0x5D9E6261,0x00059A44,12,
1718,0x8CBC1795,0x00059A7C,20,
1719,0x7F9073E5,0x00059B50,17,
1720,0x0D957433,0x00059C9C,2,
1721,0xEB6AD488,0x00059DD4,1,
1722,0xC42E1A5A,0x0005A19C,2,
1723,0x89EB3BA4,0x0005A3B0,2,
1724,0x7DFFA500,0x0005A3F4,8,
1725,0x34F0F2A2,0x0005A470,1,
1726,0xDA7D8B08,0x0005A4A0,0,
1727,0xBBC7AF01,0x0006D9FC,1,
1728,0x224CD64E,0x0006DBA4,4,
