lib,nid,owner,export_vaddr,call_sites,name
libcardalbum_rel,0x0AB67A89,rel_cardalbum,0x00000000,2,
libcardalbum_rel,0x43AB5667,rel_cardalbum,0x00006BB4,3,
libcardalbum_rel,0xEE554159,rel_cardalbum,0x00006A8C,3,
libcharalist_rel,0x0B63A183,rel_charalist,0x00000074,8,
libcharalist_rel,0x342A4009,rel_charalist,0x00000B20,6,
libcharalist_rel,0x558DBB5F,rel_charalist,0x00000B18,0,
libcharalist_rel,0x6E5EBE0F,rel_charalist,0x000002B0,1,
libcharalist_rel,0x953239E8,rel_charalist,0x00000928,0,
libcharalist_rel,0x99D1857C,rel_charalist,0x00000B74,4,
libcharalist_rel,0xB80F59AD,rel_charalist,0x00005C90,3,
libcharalist_rel,0xBAC2BA34,rel_charalist,0x00000B6C,6,
libcharalist_rel,0xDF67151F,rel_charalist,0x0000099C,0,
libcharalist_rel,0xE11636EC,rel_charalist,0x000006C0,2,
libcharalist_rel,0xFD65B042,rel_charalist,0x000002A8,11,
libconv_machine_rel,0x0BB25540,rel_conv_machine,0x00000810,2,
libconv_machine_rel,0x95EFA5FE,rel_conv_machine,0x00000A10,1,
libconv_machine_rel,0xCD9BCE9B,rel_conv_machine,0x000008EC,2,
libdeck_swap_rel,0x02A2E785,rel_deckswap,0x00000008,2,
libdeck_swap_rel,0x993BD8E1,rel_deckswap,0x0000F6EC,1,
libdeck_swap_rel,0xC5289073,rel_deckswap,0x000001E4,2,
libdeck_tutorial_rel,0x4E16F5A6,rel_decktutorial,0x000035CC,3,
libdeck_tutorial_rel,0x9F1777A8,rel_decktutorial,0x0000378C,3,
libdeck_tutorial_rel,0xE5389F40,rel_decktutorial,0x00000000,3,
libduel_draw_rel,0x02CC067D,rel_duel_draw,0x00050C78,1,
libduel_draw_rel,0x048AF0E1,rel_duel_draw,0x00050018,1,
libduel_draw_rel,0x113CB55B,rel_duel_draw,0x0004FCC8,2,
libduel_draw_rel,0x1170B564,rel_duel_draw,0x00050C1C,2,
libduel_draw_rel,0x12288652,rel_duel_draw,0x0004FDFC,0,
libduel_draw_rel,0x1383CDC3,rel_duel_draw,0x00057218,1,
libduel_draw_rel,0x14AA59D2,rel_duel_draw,0x00050CC4,1,
libduel_draw_rel,0x1A643ACE,rel_duel_draw,0x000502CC,0,
libduel_draw_rel,0x239DFC05,rel_duel_draw,0x0004FEC8,1,
libduel_draw_rel,0x2E8EDDC8,rel_duel_draw,0x00051FF0,1,
libduel_draw_rel,0x33F0EA39,rel_duel_draw,0x0004FF90,0,
libduel_draw_rel,0x34213DF0,rel_duel_draw,0x0004F61C,1,
libduel_draw_rel,0x35284271,rel_duel_draw,0x00050AB0,1,
libduel_draw_rel,0x3D1B9E58,rel_duel_draw,0x0004FCFC,4,
libduel_draw_rel,0x3F71EBA5,rel_duel_draw,0x00050020,1,
libduel_draw_rel,0x4375B43F,rel_duel_draw,0x0004FDB4,1,
libduel_draw_rel,0x48A690B3,rel_duel_draw,0x00050B68,2,
libduel_draw_rel,0x4BD4B5F8,rel_duel_draw,0x0004FC58,0,
libduel_draw_rel,0x4CDAED11,rel_duel_draw,0x000502C4,2,
libduel_draw_rel,0x4E95BACA,rel_duel_draw,0x0004FE40,1,
libduel_draw_rel,0x578325A0,rel_duel_draw,0x000501A8,0,
libduel_draw_rel,0x58401601,rel_duel_draw,0x0004FD5C,1,
libduel_draw_rel,0x58B08C31,rel_duel_draw,0x00050C4C,1,
libduel_draw_rel,0x5B3E39E9,rel_duel_draw,0x0004FCC0,2,
libduel_draw_rel,0x5C51B1D0,rel_duel_draw,0x0004FC94,2,
libduel_draw_rel,0x60276ABB,rel_duel_draw,0x000571CC,3,
libduel_draw_rel,0x60E21A6C,rel_duel_draw,0x0004FC8C,2,
libduel_draw_rel,0x6214421F,rel_duel_draw,0x0004FFA0,1,
libduel_draw_rel,0x69922650,rel_duel_draw,0x00050C58,2,
libduel_draw_rel,0x6C3C9B38,rel_duel_draw,0x00050BC0,2,
libduel_draw_rel,0x6CCC6135,rel_duel_draw,0x000502EC,0,
libduel_draw_rel,0x6D200A3F,rel_duel_draw,0x000536AC,4,
libduel_draw_rel,0x6E9E7191,rel_duel_draw,0x0004FFEC,1,
libduel_draw_rel,0x71335E61,rel_duel_draw,0x0004FDBC,1,
libduel_draw_rel,0x8A33918C,rel_duel_draw,0x0004FD4C,2,
libduel_draw_rel,0x8CEA57E4,rel_duel_draw,0x00050C68,3,
libduel_draw_rel,0x9188707E,rel_duel_draw,0x0004FFDC,0,
libduel_draw_rel,0x94DABAEA,rel_duel_draw,0x0004FF08,0,
libduel_draw_rel,0x9A97B795,rel_duel_draw,0x000502DC,2,
libduel_draw_rel,0xA50043BA,rel_duel_draw,0x0004F930,2,
libduel_draw_rel,0xA7B0B311,rel_duel_draw,0x0006C8AC,0,
libduel_draw_rel,0xACB25738,rel_duel_draw,0x0004C4E0,5,
libduel_draw_rel,0xAD7B341F,rel_duel_draw,0x0004FAD8,1,
libduel_draw_rel,0xAF0C05AB,rel_duel_draw,0x000502F4,1,
libduel_draw_rel,0xB60CF188,rel_duel_draw,0x0004FA50,2,
libduel_draw_rel,0xC04933FF,rel_duel_draw,0x0004FDC4,2,
libduel_draw_rel,0xC3306D6C,rel_duel_draw,0x0004FD64,0,
libduel_draw_rel,0xC7776D2B,rel_duel_draw,0x0005002C,1,
libduel_draw_rel,0xCBDC04A0,rel_duel_draw,0x00050C60,1,
libduel_draw_rel,0xCD698F22,rel_duel_draw,0x0004F98C,2,
libduel_draw_rel,0xD2443CD2,rel_duel_draw,0x0004FAFC,2,
libduel_draw_rel,0xD4A65337,rel_duel_draw,0x0004F59C,2,
libduel_draw_rel,0xD755977D,rel_duel_draw,0x0004FF98,1,
libduel_draw_rel,0xD856DE32,rel_duel_draw,0x00050C70,0,
libduel_draw_rel,0xDB788046,rel_duel_draw,0x0004FFE4,1,
libduel_draw_rel,0xE0E56566,rel_duel_draw,0x0004FC68,1,
libduel_draw_rel,0xE248AA98,rel_duel_draw,0x0004F65C,2,
libduel_draw_rel,0xE2F9379B,rel_duel_draw,0x000502FC,1,
libduel_draw_rel,0xEC1AD9D1,rel_duel_draw,0x00050B74,1,
libduel_draw_rel,0xF1223394,rel_duel_draw,0x00050BB8,0,
libduel_draw_rel,0xF418797B,rel_duel_draw,0x000502E4,1,
libduel_draw_rel,0xF4C29620,rel_duel_draw,0x000502D4,1,
libduel_eng_rel,0x038776B4,rel_duel_eng,0x002F5C64,1,
libduel_eng_rel,0x04F712B8,rel_duel_eng,0x002F6A8C,2,
libduel_eng_rel,0x05271148,rel_duel_eng,0x002F2524,0,
libduel_eng_rel,0x0534CBA5,rel_duel_eng,0x002F1D10,1,
libduel_eng_rel,0x0703256A,rel_duel_eng,0x002F33B4,0,
libduel_eng_rel,0x072400CB,rel_duel_eng,0x002F64CC,1,
libduel_eng_rel,0x0796FC63,rel_duel_eng,0x002F4EA0,1,
libduel_eng_rel,0x07A2473C,rel_duel_eng,0x002EFA88,5,
libduel_eng_rel,0x0895C815,rel_duel_eng,0x002F2A64,0,
libduel_eng_rel,0x09BD4A2A,rel_duel_eng,0x002F4B18,1,
libduel_eng_rel,0x0A91D933,rel_duel_eng,0x002F34FC,0,
libduel_eng_rel,0x0CE90CE7,rel_duel_eng,0x002EF614,0,
libduel_eng_rel,0x0EB5F782,rel_duel_eng,0x002F2174,2,
libduel_eng_rel,0x0F1D8B95,rel_duel_eng,0x00000400,4,
libduel_eng_rel,0x0F848AB5,rel_duel_eng,0x002F0050,5,
libduel_eng_rel,0x109EE5AB,rel_duel_eng,0x002F5404,0,
libduel_eng_rel,0x1256A810,rel_duel_eng,0x000005B0,3,
libduel_eng_rel,0x12943036,rel_duel_eng,0x002F420C,1,
libduel_eng_rel,0x13C46D9F,rel_duel_eng,0x002F61B4,0,
libduel_eng_rel,0x16E77909,rel_duel_eng,0x002F6460,2,
libduel_eng_rel,0x176A16F7,rel_duel_eng,0x002F1EA4,1,
libduel_eng_rel,0x17D23531,rel_duel_eng,0x002F55CC,6,
libduel_eng_rel,0x1837FC74,rel_duel_eng,0x002F1934,1,
libduel_eng_rel,0x1920CA68,rel_duel_eng,0x002F47B4,1,
libduel_eng_rel,0x1A4C5817,rel_duel_eng,0x002F23FC,1,
libduel_eng_rel,0x1A768C09,rel_duel_eng,0x002F544C,2,
libduel_eng_rel,0x1C6932C6,rel_duel_eng,0x002F6238,1,
libduel_eng_rel,0x1DE65CD9,rel_duel_eng,0x002EFCC8,3,
libduel_eng_rel,0x20FA1976,rel_duel_eng,0x002F1E38,1,
libduel_eng_rel,0x2132F6BA,rel_duel_eng,0x00000584,1,
libduel_eng_rel,0x2174D9E0,rel_duel_eng,0x002F5A48,1,
libduel_eng_rel,0x236A0322,rel_duel_eng,0x002F6484,6,
libduel_eng_rel,0x242C3329,rel_duel_eng,0x002F6AC0,2,
libduel_eng_rel,0x24B1F0F8,rel_duel_eng,0x002F0E60,0,
libduel_eng_rel,0x295E8DC5,rel_duel_eng,0x002EF8BC,0,
libduel_eng_rel,0x2A04942D,rel_duel_eng,0x0000060C,1,
libduel_eng_rel,0x302F0BDC,rel_duel_eng,0x002F224C,1,
libduel_eng_rel,0x30A4F438,rel_duel_eng,0x00000344,2,
libduel_eng_rel,0x30CD4539,rel_duel_eng,0x002F3310,0,
libduel_eng_rel,0x35CE9CBE,rel_duel_eng,0x002F6A80,2,
libduel_eng_rel,0x3865EBDA,rel_duel_eng,0x002F5E0C,16,
libduel_eng_rel,0x3967CC89,rel_duel_eng,0x002F2914,0,
libduel_eng_rel,0x3B0C99E7,rel_duel_eng,0x002EFF78,21,
libduel_eng_rel,0x3EF59AD0,rel_duel_eng,0x002F31CC,1,
libduel_eng_rel,0x3FD8A122,rel_duel_eng,0x002F620C,2,
libduel_eng_rel,0x4948EE43,rel_duel_eng,0x002F44B4,2,
libduel_eng_rel,0x4A030E8B,rel_duel_eng,0x002F5778,2,
libduel_eng_rel,0x4A0DFB1E,rel_duel_eng,0x000046B4,0,
libduel_eng_rel,0x4BC82DF2,rel_duel_eng,0x002F5FA4,1,
libduel_eng_rel,0x4D13D484,rel_duel_eng,0x00000630,0,
libduel_eng_rel,0x4D7E06A6,rel_duel_eng,0x002EF790,0,
libduel_eng_rel,0x4E2068FD,rel_duel_eng,0x002F3910,1,
libduel_eng_rel,0x4E22C77E,rel_duel_eng,0x002F0504,6,
libduel_eng_rel,0x4F664B71,rel_duel_eng,0x002EFFE4,11,
libduel_eng_rel,0x501AA6D4,rel_duel_eng,0x002F60E8,1,
libduel_eng_rel,0x50FDA3A6,rel_duel_eng,0x002F63F8,2,
libduel_eng_rel,0x51C2598B,rel_duel_eng,0x002EF7B4,0,
libduel_eng_rel,0x527FE6F9,rel_duel_eng,0x00000464,6,
libduel_eng_rel,0x5555A87E,rel_duel_eng,0x002F62CC,0,
libduel_eng_rel,0x564492D2,rel_duel_eng,0x002F3958,9,
libduel_eng_rel,0x575C7FF3,rel_duel_eng,0x002F0290,3,
libduel_eng_rel,0x5824AE9A,rel_duel_eng,0x002F5B6C,1,
libduel_eng_rel,0x58D4C9CD,rel_duel_eng,0x002F6188,1,
libduel_eng_rel,0x5A2E1D22,rel_duel_eng,0x002F58F8,1,
libduel_eng_rel,0x5AD6B4C6,rel_duel_eng,0x0000064C,1,
libduel_eng_rel,0x5D6675F2,rel_duel_eng,0x00000618,1,
libduel_eng_rel,0x5F971645,rel_duel_eng,0x002F55A0,4,
libduel_eng_rel,0x610CC73E,rel_duel_eng,0x00000578,10,
libduel_eng_rel,0x62D2317A,rel_duel_eng,0x002F63CC,2,
libduel_eng_rel,0x635E0B64,rel_duel_eng,0x002EF7A8,0,
libduel_eng_rel,0x6401B9EE,rel_duel_eng,0x002F5660,1,
libduel_eng_rel,0x65CABB3B,rel_duel_eng,0x002F5F38,1,
libduel_eng_rel,0x66155499,rel_duel_eng,0x002F4CE4,1,
libduel_eng_rel,0x69AE9354,rel_duel_eng,0x002F35A0,1,
libduel_eng_rel,0x6A46B7D4,rel_duel_eng,0x002EFF04,0,
libduel_eng_rel,0x6C7BDC7D,rel_duel_eng,0x002F0F88,1,
libduel_eng_rel,0x6C9C3F60,rel_duel_eng,0x002F07B0,0,
libduel_eng_rel,0x6CE937EC,rel_duel_eng,0x002F6AFC,1,
libduel_eng_rel,0x6E78EB9B,rel_duel_eng,0x002F3458,1,
libduel_eng_rel,0x70740FD1,rel_duel_eng,0x002F5DD8,1,
libduel_eng_rel,0x70D96DE6,rel_duel_eng,0x002F066C,1,
libduel_eng_rel,0x70F7713B,rel_duel_eng,0x000001B0,1,
libduel_eng_rel,0x71FE0AC8,rel_duel_eng,0x002F4818,2,
libduel_eng_rel,0x7214A584,rel_duel_eng,0x002F3784,1,
libduel_eng_rel,0x746BFD48,rel_duel_eng,0x002F5E80,1,
libduel_eng_rel,0x77689943,rel_duel_eng,0x002F5038,1,
libduel_eng_rel,0x77BBEB11,rel_duel_eng,0x002F0D10,0,
libduel_eng_rel,0x77C8EBF2,rel_duel_eng,0x00000658,1,
libduel_eng_rel,0x780289AD,rel_duel_eng,0x002F0BC4,4,
libduel_eng_rel,0x7A12AC5F,rel_duel_eng,0x002F5208,0,
libduel_eng_rel,0x7B9403F7,rel_duel_eng,0x002EFA10,10,
libduel_eng_rel,0x7C4E3C7F,rel_duel_eng,0x002F2674,0,
libduel_eng_rel,0x7CA88815,rel_duel_eng,0x002F53A8,0,
libduel_eng_rel,0x80D8A932,rel_duel_eng,0x002F039C,0,
libduel_eng_rel,0x842B5F2E,rel_duel_eng,0x002F56A0,22,
libduel_eng_rel,0x85337AC1,rel_duel_eng,0x00000254,3,
libduel_eng_rel,0x8652269B,rel_duel_eng,0x002F6324,0,
libduel_eng_rel,0x878654F9,rel_duel_eng,0x002F0A7C,4,
libduel_eng_rel,0x8ACE7469,rel_duel_eng,0x002F2ECC,1,
libduel_eng_rel,0x8B100126,rel_duel_eng,0x002F59EC,2,
libduel_eng_rel,0x8BBCA846,rel_duel_eng,0x002F547C,0,
libduel_eng_rel,0x8CCFC198,rel_duel_eng,0x002EFE68,0,
libduel_eng_rel,0x8CE718D2,rel_duel_eng,0x002EFD98,2,
libduel_eng_rel,0x8EFF94AA,rel_duel_eng,0x002F5AB4,9,
libduel_eng_rel,0x8FEC3AF9,rel_duel_eng,0x002F0910,4,
libduel_eng_rel,0x9081141C,rel_duel_eng,0x0000053C,3,
libduel_eng_rel,0x94B1D599,rel_duel_eng,0x002F326C,1,
libduel_eng_rel,0x95531E08,rel_duel_eng,0x002F209C,1,
libduel_eng_rel,0x962F6809,rel_duel_eng,0x002F304C,1,
libduel_eng_rel,0x975787F2,rel_duel_eng,0x002EF7C0,0,
libduel_eng_rel,0x98DD318C,rel_duel_eng,0x002F55F8,1,
libduel_eng_rel,0x9A2C1D8B,rel_duel_eng,0x002F00BC,0,
libduel_eng_rel,0x9A4A435B,rel_duel_eng,0x002F5624,1,
libduel_eng_rel,0x9ADAC01D,rel_duel_eng,0x002F2D4C,1,
libduel_eng_rel,0x9AEC2C88,rel_duel_eng,0x002F1BE8,0,
libduel_eng_rel,0x9B437824,rel_duel_eng,0x00004628,1,
libduel_eng_rel,0x9D50C7B3,rel_duel_eng,0x002F6088,2,
libduel_eng_rel,0x9DB2566D,rel_duel_eng,0x002F5F00,12,
libduel_eng_rel,0x9E6F25E6,rel_duel_eng,0x002F499C,1,
libduel_eng_rel,0x9F3ACA6B,rel_duel_eng,0x002F01C8,2,
libduel_eng_rel,0x9F625909,rel_duel_eng,0x0000437C,1,
libduel_eng_rel,0x9FBBA3CF,rel_duel_eng,0x002EF71C,3,
libduel_eng_rel,0xA47EF27C,rel_duel_eng,0x002F12B4,1,
libduel_eng_rel,0xA4F39DEE,rel_duel_eng,0x002F52CC,0,
libduel_eng_rel,0xA5CC5331,rel_duel_eng,0x00000260,2,
libduel_eng_rel,0xA7D6360C,rel_duel_eng,0x002EFB34,2,
libduel_eng_rel,0xA99B16A1,rel_duel_eng,0x002F5CC0,1,
libduel_eng_rel,0xAD6F64EE,rel_duel_eng,0x002F61E0,2,
libduel_eng_rel,0xAEDF1F0D,rel_duel_eng,0x002F17F0,1,
libduel_eng_rel,0xAF275F8F,rel_duel_eng,0x002F6374,9,
libduel_eng_rel,0xAFF0389D,rel_duel_eng,0x00003A84,2,
libduel_eng_rel,0xB1CA7A57,rel_duel_eng,0x002F1FB8,2,
libduel_eng_rel,0xB5A194BA,rel_duel_eng,0x002F5260,0,
libduel_eng_rel,0xB5DAA640,rel_duel_eng,0x002F16AC,1,
libduel_eng_rel,0xB774881F,rel_duel_eng,0x002F5C18,1,
libduel_eng_rel,0xB803B29E,rel_duel_eng,0x002F4884,2,
libduel_eng_rel,0xB8A3FF78,rel_duel_eng,0x002F1568,1,
libduel_eng_rel,0xBAF46839,rel_duel_eng,0x002F5B34,1,
libduel_eng_rel,0xBB484D1F,rel_duel_eng,0x002EF830,0,
libduel_eng_rel,0xBB8B27E0,rel_duel_eng,0x000000C4,22,
libduel_eng_rel,0xBC9FFF36,rel_duel_eng,0x002F5600,1,
libduel_eng_rel,0xBE26A69F,rel_duel_eng,0x002F6274,0,
libduel_eng_rel,0xBE759EC1,rel_duel_eng,0x00000C7C,2,
libduel_eng_rel,0xC45E3FA0,rel_duel_eng,0x002F6138,1,
libduel_eng_rel,0xC4B3FEFE,rel_duel_eng,0x002F1AA4,1,
libduel_eng_rel,0xC4F9F062,rel_duel_eng,0x002F56FC,5,
libduel_eng_rel,0xC86F7B69,rel_duel_eng,0x002F530C,0,
libduel_eng_rel,0xCBCABC9E,rel_duel_eng,0x002F4718,1,
libduel_eng_rel,0xCD086A4E,rel_duel_eng,0x002F1404,1,
libduel_eng_rel,0xCFCDD509,rel_duel_eng,0x002F3C50,1,
libduel_eng_rel,0xD0C7763C,rel_duel_eng,0x002F62F8,0,
libduel_eng_rel,0xD0E0848C,rel_duel_eng,0x002F64A8,2,
libduel_eng_rel,0xD2EB57D9,rel_duel_eng,0x002F48F0,0,
libduel_eng_rel,0xD78CD393,rel_duel_eng,0x002F62A0,0,
libduel_eng_rel,0xD7B09595,rel_duel_eng,0x002F615C,5,
libduel_eng_rel,0xD94FDB62,rel_duel_eng,0x002F5BBC,1,
libduel_eng_rel,0xD9766439,rel_duel_eng,0x002F5B90,1,
libduel_eng_rel,0xD9DF21DD,rel_duel_eng,0x00000664,0,
libduel_eng_rel,0xDCD14252,rel_duel_eng,0x00000000,2,
libduel_eng_rel,0xDD287A49,rel_duel_eng,0x00000600,1,
libduel_eng_rel,0xDE8F840C,rel_duel_eng,0x002F3A58,1,
libduel_eng_rel,0xDEE38DE3,rel_duel_eng,0x002F5428,0,
libduel_eng_rel,0xDF6E5D50,rel_duel_eng,0x00004698,1,
libduel_eng_rel,0xE0B32864,rel_duel_eng,0x002F60C4,4,
libduel_eng_rel,0xE0DC4AC0,rel_duel_eng,0x002F27C4,0,
libduel_eng_rel,0xE1FA8539,rel_duel_eng,0x000005F4,6,
libduel_eng_rel,0xE70954D9,rel_duel_eng,0x002F0168,6,
libduel_eng_rel,0xE7F71138,rel_duel_eng,0x000005E8,2,
libduel_eng_rel,0xE855EFD4,rel_duel_eng,0x002F5D5C,1,
libduel_eng_rel,0xE8754761,rel_duel_eng,0x00000210,1,
libduel_eng_rel,0xEC124BAC,rel_duel_eng,0x002F6114,0,
libduel_eng_rel,0xED3B1B4B,rel_duel_eng,0x002F2324,1,
libduel_eng_rel,0xEDA22CAB,rel_duel_eng,0x002F534C,2,
libduel_eng_rel,0xEDED5379,rel_duel_eng,0x002F2BCC,1,
libduel_eng_rel,0xEE219051,rel_duel_eng,0x002F6020,1,
libduel_eng_rel,0xEEEFBBC2,rel_duel_eng,0x002F6348,0,
libduel_eng_rel,0xEEFFFE1B,rel_duel_eng,0x002F458C,27,
libduel_eng_rel,0xF0A5D634,rel_duel_eng,0x002F111C,1,
libduel_eng_rel,0xF12A76B5,rel_duel_eng,0x00000458,1,
libduel_eng_rel,0xF2783CB1,rel_duel_eng,0x002F46A8,2,
libduel_eng_rel,0xF3C9B57A,rel_duel_eng,0x002EF79C,0,
libduel_eng_rel,0xF40F4308,rel_duel_eng,0x000043D0,1,
libduel_eng_rel,0xF5B20DFE,rel_duel_eng,0x002EFBFC,0,
libduel_eng_rel,0xF6019876,rel_duel_eng,0x00000050,1,
libduel_eng_rel,0xF755A991,rel_duel_eng,0x002F4770,12,
libduel_eng_rel,0xFBF7F2BC,rel_duel_eng,0x002F5194,1,
libduel_eng_rel,0xFCA2A00A,rel_duel_eng,0x002F643C,6,
libduel_eng_rel,0xFF3E7298,rel_duel_eng,0x002F4744,4,
libduel_eng_rel,0xFF8E2530,rel_duel_eng,0x002F605C,0,
libduelrecord_rel,0x420F9405,rel_duelrecord,0x000000FC,3,
libduelrecord_rel,0x6ADB95DB,rel_duelrecord,0x00000008,3,
libduelrecord_rel,0x8D53DC42,rel_duelrecord,0x0000028C,2,
libfield_rel,0x088AF975,rel_field,0x00003478,4,
libfield_rel,0x257E4747,rel_field,0x00007A98,0,
libfield_rel,0x2BAA0215,rel_field,0x0000B148,4,
libfield_rel,0x4333146F,rel_field,0x00004D34,1,
libfield_rel,0x48BD5856,rel_field,0x0000CC70,2,
libfield_rel,0x51F87FA7,rel_field,0x0000C86C,0,
libfield_rel,0x536C7374,rel_field,0x00003400,6,
libfield_rel,0x586F7DE0,rel_field,0x0000A0B4,1,
libfield_rel,0x5BFCB78F,rel_field,0x0000B1F4,2,
libfield_rel,0x689DF8E4,rel_field,0x00003484,36,
libfield_rel,0x74B014A2,rel_field,0x00009F70,1,
libfield_rel,0x79E5F8B7,rel_field,0x0000A234,47,
libfield_rel,0x7D1D1D53,rel_field,0x0002D198,2,
libfield_rel,0x86220A06,rel_field,0x0000A1B4,48,
libfield_rel,0x874CBF2B,rel_field,0x00013F20,2,
libfield_rel,0x8E5B6AB1,rel_field,0x0000C1F0,1,
libfield_rel,0x8EB3F8CC,rel_field,0x0002D1A4,1,
libfield_rel,0x92DF5F0F,rel_field,0x0002D33C,1,
libfield_rel,0xA1319511,rel_field,0x00010E00,1,
libfield_rel,0xA6AD7137,rel_field,0x0000B10C,4,
libfield_rel,0xBA3B028E,rel_field,0x00007BA0,1,
libfield_rel,0xBF048660,rel_field,0x0002D07C,1,
libfield_rel,0xD6F4A678,rel_field,0x0000CB90,1,
libfield_rel,0xE92DC2F2,rel_field,0x00009DA0,1,
libfield_rel,0xEC347A02,rel_field,0x000033D4,1,
libfield_rel,0xF451166D,rel_field,0x00002C5C,1,
libfield_rel,0xF4ED1C32,rel_field,0x00013EEC,1,
libfield_rel,0xF560DE58,rel_field,0x00013EB8,1,
libfield_rel,0xFABFD3C6,rel_field,0x00009E78,1,
liblimitlist_rel,0x56E1CA7A,rel_limitlist,0x00000184,3,
liblimitlist_rel,0x780BA2AD,rel_limitlist,0x0000040C,2,
liblimitlist_rel,0xE69A45D2,rel_limitlist,0x00000008,3,
libpassword_rel,0x516C75F9,rel_password,0x00001688,2,
libpassword_rel,0x69B41C27,rel_password,0x00000000,1,
libpassword_rel,0x932AE9C8,rel_password,0x000015A4,2,
librecipe_viewer_rel,0x099048E2,rel_recipeviewer,0x00000488,4,
librecipe_viewer_rel,0x363D43C5,rel_recipeviewer,0x00003F00,3,
librecipe_viewer_rel,0x98E7E882,rel_recipeviewer,0x00000008,3,
libselect_card_rel,0x0787468B,rel_select_card,0x00001F54,1,
libselect_card_rel,0x4D3D501F,rel_select_card,0x0000FBA8,1,
libselect_card_rel,0x5B395307,rel_select_card,0x00001D5C,5,
libselect_card_rel,0xAE4AA6EC,rel_select_card,0x00012384,0,
libselect_card_rel,0xBF2B46D7,rel_select_card,0x00001B44,5,
libselect_card_rel,0xCFA64443,rel_select_card,0x000120D4,3,
libshop_rel,0x83FFB9FB,rel_shop,0x0000A054,1,
libshop_rel,0x9B8ED106,rel_shop,0x00009F88,1,
libshop_rel,0xB2DBE2BD,rel_shop,0x0000A05C,1,
libshop_rel,0xBC3BD8C0,rel_shop,0x0000F7F0,1,
libshop_rel,0xCAA9B5D8,rel_shop,0x0000A030,1,
libsoundtest_rel,0x04147118,rel_soundtest,0x00000234,1,
libsoundtest_rel,0x3DB6D895,rel_soundtest,0x00000008,1,
libsoundtest_rel,0xE55B5D5C,rel_soundtest,0x000000FC,1,
libstory_rel,0x083B7CAD,rel_story,0x00015804,0,
libstory_rel,0x354CD876,rel_story,0x0001580C,0,
libtutorial_rel,0x03787C68,rel_tutorial,0x00004764,1,
libtutorial_rel,0x212F04F0,rel_tutorial,0x00004680,0,
libtutorial_rel,0x268B762C,rel_tutorial,0x000037C4,1,
libtutorial_rel,0x377AFCAD,rel_tutorial,0x000038E0,1,
libtutorial_rel,0x3BADB924,rel_tutorial,0x00004714,1,
libtutorial_rel,0x4ACB6495,rel_tutorial,0x00004604,0,
libtutorial_rel,0x4D8B6479,rel_tutorial,0x00004398,0,
libtutorial_rel,0x5493F091,rel_tutorial,0x000046AC,1,
libtutorial_rel,0x6A6888A5,rel_tutorial,0x000039F0,1,
libtutorial_rel,0x72AEDB62,rel_tutorial,0x000045D0,0,
libtutorial_rel,0xCDB4377F,rel_tutorial,0x00003A30,0,
libtutorial_rel,0xDE7BF13B,rel_tutorial,0x00004430,0,
libtutorial_rel,0xF57728C7,rel_tutorial,0x00003E80,0,
libtutoriallist_rel,0x41015B0F,rel_tutoriallist,0x000026C0,3,
libtutoriallist_rel,0xC1B2B589,rel_tutoriallist,0x00000000,2,
libtutoriallist_rel,0xCF2830FF,rel_tutoriallist,0x000027E4,3,
libtutoriallist_rel,0xF498562A,rel_tutoriallist,0x00002950,2,
